scenario,n_port,lam_nm,eta_atm,eta_tel,eta_fore,eta_inj,eta_internal,qe,eta_sys
3-port,3,800.0,0.85,0.81,0.8,0.6,0.4666765292544496,0.9,0.13880453344920948
3-port,3,801.0,0.85,0.81,0.8,0.6,0.4666765292544496,0.9,0.13880453344920948
3-port,3,802.0,0.85,0.81,0.8,0.6,0.4666765292544496,0.9,0.13880453344920948
3-port,3,803.0,0.85,0.81,0.8,0.6,0.4666765292544496,0.9,0.13880453344920948
3-port,3,804.0,0.85,0.81,0.8,0.6,0.4666765292544496,0.9,0.13880453344920948
3-port,3,805.0,0.85,0.81,0.8,0.6,0.4666765292544496,0.9,0.13880453344920948
3-port,3,806.0,0.85,0.81,0.8,0.6,0.4666765292544496,0.9,0.13880453344920948
3-port,3,807.0,0.85,0.81,0.8,0.6,0.4666765292544496,0.9,0.13880453344920948
3-port,3,808.0,0.85,0.81,0.8,0.6,0.4666765292544496,0.9,0.13880453344920948
3-port,3,809.0,0.85,0.81,0.8,0.6,0.4666765292544496,0.9,0.13880453344920948
3-port,3,810.0,0.85,0.81,0.8,0.6,0.4666765292544496,0.9,0.13880453344920948
3-port,3,811.0,0.85,0.81,0.8,0.6,0.4666765292544496,0.9,0.13880453344920948
3-port,3,812.0,0.85,0.81,0.8,0.6,0.4666765292544496,0.9,0.13880453344920948
3-port,3,813.0,0.85,0.81,0.8,0.6,0.4666765292544496,0.9,0.13880453344920948
3-port,3,814.0,0.85,0.81,0.8,0.6,0.4666765292544496,0.9,0.13880453344920948
3-port,3,815.0,0.85,0.81,0.8,0.6,0.4666765292544496,0.9,0.13880453344920948
3-port,3,816.0,0.85,0.81,0.8,0.6,0.4666765292544496,0.9,0.13880453344920948
3-port,3,817.0,0.85,0.81,0.8,0.6,0.4666765292544496,0.9,0.13880453344920948
3-port,3,818.0,0.85,0.81,0.8,0.6,0.4666765292544496,0.9,0.13880453344920948
3-port,3,819.0,0.85,0.81,0.8,0.6,0.4666765292544496,0.9,0.13880453344920948
3-port,3,820.0,0.85,0.81,0.8,0.6,0.4666765292544496,0.9,0.13880453344920948
3-port,3,821.0,0.85,0.81,0.8,0.6,0.4666765292544496,0.9,0.13880453344920948
3-port,3,822.0,0.85,0.81,0.8,0.6,0.4666765292544496,0.9,0.13880453344920948
3-port,3,823.0,0.85,0.81,0.8,0.6,0.6446966603506211,0.9,0.19175341708140597
3-port,3,824.0,0.85,0.81,0.8,0.6,0.6446966603506211,0.9,0.19175341708140597
3-port,3,825.0,0.85,0.81,0.8,0.6,0.6446966603506211,0.9,0.19175341708140597
3-port,3,826.0,0.85,0.81,0.8,0.6,0.6446966603506211,0.9,0.19175341708140597
3-port,3,827.0,0.85,0.81,0.8,0.6,0.6446966603506211,0.9,0.19175341708140597
3-port,3,828.0,0.85,0.81,0.8,0.6,0.6446966603506211,0.9,0.19175341708140597
3-port,3,829.0,0.85,0.81,0.8,0.6,0.6446966603506211,0.9,0.19175341708140597
3-port,3,830.0,0.85,0.81,0.8,0.6,0.6446966603506211,0.9,0.19175341708140597
3-port,3,831.0,0.85,0.81,0.8,0.6,0.6446966603506211,0.9,0.19175341708140597
3-port,3,832.0,0.85,0.81,0.8,0.6,0.6446966603506211,0.9,0.19175341708140597
3-port,3,833.0,0.85,0.81,0.8,0.6,0.6446966603506211,0.9,0.19175341708140597
3-port,3,834.0,0.85,0.81,0.8,0.6,0.6446966603506211,0.9,0.19175341708140597
3-port,3,835.0,0.85,0.81,0.8,0.6,0.6446966603506211,0.9,0.19175341708140597
3-port,3,836.0,0.85,0.81,0.8,0.6,0.6446966603506211,0.9,0.19175341708140597
3-port,3,837.0,0.85,0.81,0.8,0.6,0.6446966603506211,0.9,0.19175341708140597
3-port,3,838.0,0.85,0.81,0.8,0.6,0.6446966603506211,0.9,0.19175341708140597
3-port,3,839.0,0.85,0.81,0.8,0.6,0.6446966603506211,0.9,0.19175341708140597
3-port,3,840.0,0.85,0.81,0.8,0.6,0.6446966603506211,0.9,0.19175341708140597
3-port,3,841.0,0.85,0.81,0.8,0.6,0.6446966603506211,0.9,0.19175341708140597
3-port,3,842.0,0.85,0.81,0.8,0.6,0.6446966603506211,0.9,0.19175341708140597
3-port,3,843.0,0.85,0.81,0.8,0.6,0.6446966603506211,0.9,0.19175341708140597
3-port,3,844.0,0.85,0.81,0.8,0.6,0.6446966603506211,0.9,0.19175341708140597
3-port,3,845.0,0.85,0.81,0.8,0.6,0.6446966603506211,0.9,0.19175341708140597
3-port,3,846.0,0.85,0.81,0.8,0.6,0.6446966603506211,0.9,0.19175341708140597
3-port,3,847.0,0.85,0.81,0.8,0.6,0.6446966603506211,0.9,0.19175341708140597
3-port,3,848.0,0.85,0.81,0.8,0.6,0.6446966603506211,0.9,0.19175341708140597
3-port,3,849.0,0.85,0.81,0.8,0.6,0.6446966603506211,0.9,0.19175341708140597
3-port,3,850.0,0.85,0.81,0.8,0.6,0.6446966603506211,0.9,0.19175341708140597
3-port,3,851.0,0.85,0.81,0.8,0.6,0.6446966603506211,0.9,0.19175341708140597
3-port,3,852.0,0.85,0.81,0.8,0.6,0.6446966603506211,0.9,0.19175341708140597
3-port,3,853.0,0.85,0.81,0.8,0.6,0.6446966603506211,0.9,0.19175341708140597
3-port,3,854.0,0.85,0.81,0.8,0.6,0.6446966603506211,0.9,0.19175341708140597
3-port,3,855.0,0.85,0.81,0.8,0.6,0.6446966603506211,0.9,0.19175341708140597
3-port,3,856.0,0.85,0.81,0.8,0.6,0.6446966603506211,0.9,0.19175341708140597
3-port,3,857.0,0.85,0.81,0.8,0.6,0.6446966603506211,0.9,0.19175341708140597
3-port,3,858.0,0.85,0.81,0.8,0.6,0.6446966603506211,0.9,0.19175341708140597
3-port,3,859.0,0.85,0.81,0.8,0.6,0.6446966603506211,0.9,0.19175341708140597
3-port,3,860.0,0.85,0.81,0.8,0.6,0.6446966603506211,0.9,0.19175341708140597
3-port,3,861.0,0.85,0.81,0.8,0.6,0.6446966603506211,0.9,0.19175341708140597
3-port,3,862.0,0.85,0.81,0.8,0.6,0.6446966603506211,0.9,0.19175341708140597
3-port,3,863.0,0.85,0.81,0.8,0.6,0.6446966603506211,0.9,0.19175341708140597
3-port,3,864.0,0.85,0.81,0.8,0.6,0.6446966603506211,0.9,0.19175341708140597
3-port,3,865.0,0.85,0.81,0.8,0.6,0.6446966603506211,0.9,0.19175341708140597
3-port,3,866.0,0.85,0.81,0.8,0.6,0.6446966603506211,0.9,0.19175341708140597
3-port,3,867.0,0.85,0.81,0.8,0.6,0.6446966603506211,0.9,0.19175341708140597
3-port,3,868.0,0.85,0.81,0.8,0.6,0.6446966603506211,0.9,0.19175341708140597
3-port,3,869.0,0.85,0.81,0.8,0.6,0.6446966603506211,0.9,0.19175341708140597
3-port,3,870.0,0.85,0.81,0.8,0.6,0.6446966603506211,0.9,0.19175341708140597
3-port,3,871.0,0.85,0.81,0.8,0.6,0.6446966603506211,0.9,0.19175341708140597
3-port,3,872.0,0.85,0.81,0.8,0.6,0.6446966603506211,0.9,0.19175341708140597
3-port,3,873.0,0.85,0.81,0.8,0.6,0.6446966603506211,0.9,0.19175341708140597
3-port,3,874.0,0.85,0.81,0.8,0.6,0.6446966603506211,0.9,0.19175341708140597
3-port,3,875.0,0.85,0.81,0.8,0.6,0.6446966603506211,0.9,0.19175341708140597
3-port,3,876.0,0.85,0.81,0.8,0.6,0.6446966603506211,0.9,0.19175341708140597
3-port,3,877.0,0.85,0.81,0.8,0.6,0.6446966603506211,0.9,0.19175341708140597
3-port,3,878.0,0.85,0.81,0.8,0.6,0.6446966603506211,0.9,0.19175341708140597
3-port,3,879.0,0.85,0.81,0.8,0.6,0.6446966603506211,0.9,0.19175341708140597
3-port,3,880.0,0.85,0.81,0.8,0.6,0.6446966603506211,0.9,0.19175341708140597
3-port,3,881.0,0.85,0.81,0.8,0.6,0.6446966603506211,0.9,0.19175341708140597
3-port,3,882.0,0.85,0.81,0.8,0.6,0.6446966603506211,0.9,0.19175341708140597
3-port,3,883.0,0.85,0.81,0.8,0.6,0.6446966603506211,0.9,0.19175341708140597
3-port,3,884.0,0.85,0.81,0.8,0.6,0.6446966603506211,0.9,0.19175341708140597
3-port,3,885.0,0.85,0.81,0.8,0.6,0.6446966603506211,0.9,0.19175341708140597
3-port,3,886.0,0.85,0.81,0.8,0.6,0.6446966603506211,0.9,0.19175341708140597
3-port,3,887.0,0.85,0.81,0.8,0.6,0.6446966603506211,0.9,0.19175341708140597
3-port,3,888.0,0.85,0.81,0.8,0.6,0.6446966603506211,0.9,0.19175341708140597
3-port,3,889.0,0.85,0.81,0.8,0.6,0.6446966603506211,0.9,0.19175341708140597
3-port,3,890.0,0.85,0.81,0.8,0.6,0.6446966603506211,0.9,0.19175341708140597
3-port,3,891.0,0.85,0.81,0.8,0.6,0.6446966603506211,0.9,0.19175341708140597
3-port,3,892.0,0.85,0.81,0.8,0.6,0.6446966603506211,0.9,0.19175341708140597
3-port,3,893.0,0.85,0.81,0.8,0.6,0.6446966603506211,0.9,0.19175341708140597
3-port,3,894.0,0.85,0.81,0.8,0.6,0.6446966603506211,0.9,0.19175341708140597
3-port,3,895.0,0.85,0.81,0.8,0.6,0.6446966603506211,0.9,0.19175341708140597
3-port,3,896.0,0.85,0.81,0.8,0.6,0.6446966603506211,0.9,0.19175341708140597
3-port,3,897.0,0.85,0.81,0.8,0.6,0.6446966603506211,0.9,0.19175341708140597
3-port,3,898.0,0.85,0.81,0.8,0.6,0.6446966603506211,0.9,0.19175341708140597
3-port,3,899.0,0.85,0.81,0.8,0.6,0.6446966603506211,0.9,0.19175341708140597
3-port,3,900.0,0.85,0.81,0.8,0.6,0.6446966603506211,0.9,0.19175341708140597
3-port,3,901.0,0.85,0.81,0.8,0.6,0.6446966603506211,0.9,0.19175341708140597
3-port,3,902.0,0.85,0.81,0.8,0.6,0.6446966603506211,0.9,0.19175341708140597
3-port,3,903.0,0.85,0.81,0.8,0.6,0.6446966603506211,0.9,0.19175341708140597
3-port,3,904.0,0.85,0.81,0.8,0.6,0.6446966603506211,0.9,0.19175341708140597
3-port,3,905.0,0.85,0.81,0.8,0.6,0.6446966603506211,0.9,0.19175341708140597
3-port,3,906.0,0.85,0.81,0.8,0.6,0.6446966603506211,0.9,0.19175341708140597
3-port,3,907.0,0.85,0.81,0.8,0.6,0.6446966603506211,0.9,0.19175341708140597
3-port,3,908.0,0.85,0.81,0.8,0.6,0.6446966603506211,0.9,0.19175341708140597
3-port,3,909.0,0.85,0.81,0.8,0.6,0.6446966603506211,0.9,0.19175341708140597
3-port,3,910.0,0.85,0.81,0.8,0.6,0.6446966603506211,0.9,0.19175341708140597
3-port,3,911.0,0.85,0.81,0.8,0.6,0.6446966603506211,0.9,0.19175341708140597
3-port,3,912.0,0.85,0.81,0.8,0.6,0.6446966603506211,0.9,0.19175341708140597
3-port,3,913.0,0.85,0.81,0.8,0.6,0.6446966603506211,0.9,0.19175341708140597
3-port,3,914.0,0.85,0.81,0.8,0.6,0.6446966603506211,0.9,0.19175341708140597
3-port,3,915.0,0.85,0.81,0.8,0.6,0.6446966603506211,0.9,0.19175341708140597
3-port,3,916.0,0.85,0.81,0.8,0.6,0.6446966603506211,0.9,0.19175341708140597
3-port,3,917.0,0.85,0.81,0.8,0.6,0.6446966603506211,0.9,0.19175341708140597
3-port,3,918.0,0.85,0.81,0.8,0.6,0.6446966603506211,0.9,0.19175341708140597
3-port,3,919.0,0.85,0.81,0.8,0.6,0.6446966603506211,0.9,0.19175341708140597
3-port,3,920.0,0.85,0.81,0.8,0.6,0.6446966603506211,0.9,0.19175341708140597
3-port,3,921.0,0.85,0.81,0.8,0.6,0.6446966603506211,0.9,0.19175341708140597
3-port,3,922.0,0.85,0.81,0.8,0.6,0.6446966603506211,0.9,0.19175341708140597
3-port,3,923.0,0.85,0.81,0.8,0.6,0.6446966603506211,0.9,0.19175341708140597
3-port,3,924.0,0.85,0.81,0.8,0.6,0.6446966603506211,0.9,0.19175341708140597
3-port,3,925.0,0.85,0.81,0.8,0.6,0.6446966603506211,0.9,0.19175341708140597
3-port,3,926.0,0.85,0.81,0.8,0.6,0.6446966603506211,0.9,0.19175341708140597
3-port,3,927.0,0.85,0.81,0.8,0.6,0.6446966603506211,0.9,0.19175341708140597
3-port,3,928.0,0.85,0.81,0.8,0.6,0.6446966603506211,0.9,0.19175341708140597
3-port,3,929.0,0.85,0.81,0.8,0.6,0.6446966603506211,0.9,0.19175341708140597
3-port,3,930.0,0.85,0.81,0.8,0.6,0.6446966603506211,0.9,0.19175341708140597
3-port,3,931.0,0.85,0.81,0.8,0.6,0.6446966603506211,0.9,0.19175341708140597
3-port,3,932.0,0.85,0.81,0.8,0.6,0.6446966603506211,0.9,0.19175341708140597
3-port,3,933.0,0.85,0.81,0.8,0.6,0.6446966603506211,0.9,0.19175341708140597
3-port,3,934.0,0.85,0.81,0.8,0.6,0.6446966603506211,0.9,0.19175341708140597
3-port,3,935.0,0.85,0.81,0.8,0.6,0.6446966603506211,0.9,0.19175341708140597
3-port,3,936.0,0.85,0.81,0.8,0.6,0.6446966603506211,0.9,0.19175341708140597
3-port,3,937.0,0.85,0.81,0.8,0.6,0.6446966603506211,0.9,0.19175341708140597
3-port,3,938.0,0.85,0.81,0.8,0.6,0.6446966603506211,0.9,0.19175341708140597
3-port,3,939.0,0.85,0.81,0.8,0.6,0.6446966603506211,0.9,0.19175341708140597
3-port,3,940.0,0.85,0.81,0.8,0.6,0.6446966603506211,0.9,0.19175341708140597
3-port,3,941.0,0.85,0.81,0.8,0.6,0.6446966603506211,0.9,0.19175341708140597
3-port,3,942.0,0.85,0.81,0.8,0.6,0.6446966603506211,0.9,0.19175341708140597
3-port,3,943.0,0.85,0.81,0.8,0.6,0.6446966603506211,0.9,0.19175341708140597
3-port,3,944.0,0.85,0.81,0.8,0.6,0.6446966603506211,0.9,0.19175341708140597
3-port,3,945.0,0.85,0.81,0.8,0.6,0.6446966603506211,0.9,0.19175341708140597
3-port,3,946.0,0.85,0.81,0.8,0.6,0.6446966603506211,0.9,0.19175341708140597
3-port,3,947.0,0.85,0.81,0.8,0.6,0.6446966603506211,0.9,0.19175341708140597
3-port,3,948.0,0.85,0.81,0.8,0.6,0.6446966603506211,0.9,0.19175341708140597
3-port,3,949.0,0.85,0.81,0.8,0.6,0.6446966603506211,0.9,0.19175341708140597
3-port,3,950.0,0.85,0.81,0.8,0.6,0.95,0.9,0.28256040000000004
3-port,3,951.0,0.85,0.81,0.8,0.6,0.95,0.9,0.28256040000000004
3-port,3,952.0,0.85,0.81,0.8,0.6,0.95,0.9,0.28256040000000004
3-port,3,953.0,0.85,0.81,0.8,0.6,0.95,0.9,0.28256040000000004
3-port,3,954.0,0.85,0.81,0.8,0.6,0.95,0.9,0.28256040000000004
3-port,3,955.0,0.85,0.81,0.8,0.6,0.95,0.9,0.28256040000000004
3-port,3,956.0,0.85,0.81,0.8,0.6,0.95,0.9,0.28256040000000004
3-port,3,957.0,0.85,0.81,0.8,0.6,0.95,0.9,0.28256040000000004
3-port,3,958.0,0.85,0.81,0.8,0.6,0.95,0.9,0.28256040000000004
3-port,3,959.0,0.85,0.81,0.8,0.6,0.95,0.9,0.28256040000000004
3-port,3,960.0,0.85,0.81,0.8,0.6,0.95,0.9,0.28256040000000004
3-port,3,961.0,0.85,0.81,0.8,0.6,0.95,0.9,0.28256040000000004
3-port,3,962.0,0.85,0.81,0.8,0.6,0.95,0.9,0.28256040000000004
3-port,3,963.0,0.85,0.81,0.8,0.6,0.95,0.9,0.28256040000000004
3-port,3,964.0,0.85,0.81,0.8,0.6,0.95,0.9,0.28256040000000004
3-port,3,965.0,0.85,0.81,0.8,0.6,0.95,0.9,0.28256040000000004
3-port,3,966.0,0.85,0.81,0.8,0.6,0.95,0.9,0.28256040000000004
3-port,3,967.0,0.85,0.81,0.8,0.6,0.95,0.9,0.28256040000000004
3-port,3,968.0,0.85,0.81,0.8,0.6,0.95,0.9,0.28256040000000004
3-port,3,969.0,0.85,0.81,0.8,0.6,0.95,0.9,0.28256040000000004
3-port,3,970.0,0.85,0.81,0.8,0.6,0.95,0.9,0.28256040000000004
3-port,3,971.0,0.85,0.81,0.8,0.6,0.95,0.9,0.28256040000000004
3-port,3,972.0,0.85,0.81,0.8,0.6,0.95,0.9,0.28256040000000004
3-port,3,973.0,0.85,0.81,0.8,0.6,0.95,0.9,0.28256040000000004
3-port,3,974.0,0.85,0.81,0.8,0.6,0.95,0.9,0.28256040000000004
3-port,3,975.0,0.85,0.81,0.8,0.6,0.95,0.9,0.28256040000000004
3-port,3,976.0,0.85,0.81,0.8,0.6,0.95,0.9,0.28256040000000004
3-port,3,977.0,0.85,0.81,0.8,0.6,0.95,0.9,0.28256040000000004
3-port,3,978.0,0.85,0.81,0.8,0.6,0.95,0.9,0.28256040000000004
3-port,3,979.0,0.85,0.81,0.8,0.6,0.95,0.9,0.28256040000000004
3-port,3,980.0,0.85,0.81,0.8,0.6,0.95,0.9,0.28256040000000004
3-port,3,981.0,0.85,0.81,0.8,0.6,0.95,0.9,0.28256040000000004
3-port,3,982.0,0.85,0.81,0.8,0.6,0.95,0.9,0.28256040000000004
3-port,3,983.0,0.85,0.81,0.8,0.6,0.95,0.9,0.28256040000000004
3-port,3,984.0,0.85,0.81,0.8,0.6,0.95,0.9,0.28256040000000004
3-port,3,985.0,0.85,0.81,0.8,0.6,0.95,0.9,0.28256040000000004
3-port,3,986.0,0.85,0.81,0.8,0.6,0.95,0.9,0.28256040000000004
3-port,3,987.0,0.85,0.81,0.8,0.6,0.95,0.9,0.28256040000000004
3-port,3,988.0,0.85,0.81,0.8,0.6,0.95,0.9,0.28256040000000004
3-port,3,989.0,0.85,0.81,0.8,0.6,0.95,0.9,0.28256040000000004
3-port,3,990.0,0.85,0.81,0.8,0.6,0.95,0.9,0.28256040000000004
3-port,3,991.0,0.85,0.81,0.8,0.6,0.95,0.9,0.28256040000000004
3-port,3,992.0,0.85,0.81,0.8,0.6,0.95,0.9,0.28256040000000004
3-port,3,993.0,0.85,0.81,0.8,0.6,0.95,0.9,0.28256040000000004
3-port,3,994.0,0.85,0.81,0.8,0.6,0.95,0.9,0.28256040000000004
3-port,3,995.0,0.85,0.81,0.8,0.6,0.95,0.9,0.28256040000000004
3-port,3,996.0,0.85,0.81,0.8,0.6,0.95,0.9,0.28256040000000004
3-port,3,997.0,0.85,0.81,0.8,0.6,0.95,0.9,0.28256040000000004
3-port,3,998.0,0.85,0.81,0.8,0.6,0.95,0.9,0.28256040000000004
3-port,3,999.0,0.85,0.81,0.8,0.6,0.95,0.9,0.28256040000000004
3-port,3,1000.0,0.85,0.81,0.8,0.6,0.95,0.9,0.28256040000000004
3-port,3,1001.0,0.85,0.81,0.8,0.6,0.95,0.9,0.28256040000000004
3-port,3,1002.0,0.85,0.81,0.8,0.6,0.95,0.9,0.28256040000000004
3-port,3,1003.0,0.85,0.81,0.8,0.6,0.95,0.9,0.28256040000000004
3-port,3,1004.0,0.85,0.81,0.8,0.6,0.95,0.9,0.28256040000000004
3-port,3,1005.0,0.85,0.81,0.8,0.6,0.95,0.9,0.28256040000000004
3-port,3,1006.0,0.85,0.81,0.8,0.6,0.95,0.9,0.28256040000000004
3-port,3,1007.0,0.85,0.81,0.8,0.6,0.95,0.9,0.28256040000000004
3-port,3,1008.0,0.85,0.81,0.8,0.6,0.95,0.9,0.28256040000000004
3-port,3,1009.0,0.85,0.81,0.8,0.6,0.95,0.9,0.28256040000000004
3-port,3,1010.0,0.85,0.81,0.8,0.6,0.95,0.9,0.28256040000000004
3-port,3,1011.0,0.85,0.81,0.8,0.6,0.95,0.9,0.28256040000000004
3-port,3,1012.0,0.85,0.81,0.8,0.6,0.95,0.9,0.28256040000000004
3-port,3,1013.0,0.85,0.81,0.8,0.6,0.95,0.9,0.28256040000000004
3-port,3,1014.0,0.85,0.81,0.8,0.6,0.95,0.9,0.28256040000000004
3-port,3,1015.0,0.85,0.81,0.8,0.6,0.95,0.9,0.28256040000000004
3-port,3,1016.0,0.85,0.81,0.8,0.6,0.95,0.9,0.28256040000000004
3-port,3,1017.0,0.85,0.81,0.8,0.6,0.95,0.9,0.28256040000000004
3-port,3,1018.0,0.85,0.81,0.8,0.6,0.95,0.9,0.28256040000000004
3-port,3,1019.0,0.85,0.81,0.8,0.6,0.95,0.9,0.28256040000000004
3-port,3,1020.0,0.85,0.81,0.8,0.6,0.95,0.9,0.28256040000000004
3-port,3,1021.0,0.85,0.81,0.8,0.6,0.95,0.9,0.28256040000000004
3-port,3,1022.0,0.85,0.81,0.8,0.6,0.95,0.9,0.28256040000000004
3-port,3,1023.0,0.85,0.81,0.8,0.6,0.95,0.9,0.28256040000000004
3-port,3,1024.0,0.85,0.81,0.8,0.6,0.95,0.9,0.28256040000000004
3-port,3,1025.0,0.85,0.81,0.8,0.6,0.95,0.9,0.28256040000000004
3-port,3,1026.0,0.85,0.81,0.8,0.6,0.95,0.9,0.28256040000000004
3-port,3,1027.0,0.85,0.81,0.8,0.6,0.95,0.9,0.28256040000000004
3-port,3,1028.0,0.85,0.81,0.8,0.6,0.95,0.9,0.28256040000000004
3-port,3,1029.0,0.85,0.81,0.8,0.6,0.95,0.9,0.28256040000000004
3-port,3,1030.0,0.85,0.81,0.8,0.6,0.95,0.9,0.28256040000000004
3-port,3,1031.0,0.85,0.81,0.8,0.6,0.95,0.9,0.28256040000000004
3-port,3,1032.0,0.85,0.81,0.8,0.6,0.95,0.9,0.28256040000000004
3-port,3,1033.0,0.85,0.81,0.8,0.6,0.95,0.9,0.28256040000000004
3-port,3,1034.0,0.85,0.81,0.8,0.6,0.95,0.9,0.28256040000000004
3-port,3,1035.0,0.85,0.81,0.8,0.6,0.95,0.9,0.28256040000000004
3-port,3,1036.0,0.85,0.81,0.8,0.6,0.95,0.9,0.28256040000000004
3-port,3,1037.0,0.85,0.81,0.8,0.6,0.95,0.9,0.28256040000000004
3-port,3,1038.0,0.85,0.81,0.8,0.6,0.95,0.9,0.28256040000000004
3-port,3,1039.0,0.85,0.81,0.8,0.6,0.95,0.9,0.28256040000000004
3-port,3,1040.0,0.85,0.81,0.8,0.6,0.95,0.9,0.28256040000000004
3-port,3,1041.0,0.85,0.81,0.8,0.6,0.95,0.9,0.28256040000000004
3-port,3,1042.0,0.85,0.81,0.8,0.6,0.95,0.9,0.28256040000000004
3-port,3,1043.0,0.85,0.81,0.8,0.6,0.95,0.9,0.28256040000000004
3-port,3,1044.0,0.85,0.81,0.8,0.6,0.95,0.9,0.28256040000000004
3-port,3,1045.0,0.85,0.81,0.8,0.6,0.95,0.9,0.28256040000000004
3-port,3,1046.0,0.85,0.81,0.8,0.6,0.95,0.9,0.28256040000000004
3-port,3,1047.0,0.85,0.81,0.8,0.6,0.95,0.9,0.28256040000000004
3-port,3,1048.0,0.85,0.81,0.8,0.6,0.95,0.9,0.28256040000000004
3-port,3,1049.0,0.85,0.81,0.8,0.6,0.95,0.9,0.28256040000000004
3-port,3,1050.0,0.85,0.81,0.8,0.6,0.95,0.9,0.28256040000000004
3-port,3,1051.0,0.85,0.81,0.8,0.6,0.95,0.9,0.28256040000000004
3-port,3,1052.0,0.85,0.81,0.8,0.6,0.95,0.9,0.28256040000000004
3-port,3,1053.0,0.85,0.81,0.8,0.6,0.95,0.9,0.28256040000000004
3-port,3,1054.0,0.85,0.81,0.8,0.6,0.95,0.9,0.28256040000000004
3-port,3,1055.0,0.85,0.81,0.8,0.6,0.95,0.9,0.28256040000000004
3-port,3,1056.0,0.85,0.81,0.8,0.6,0.95,0.9,0.28256040000000004
3-port,3,1057.0,0.85,0.81,0.8,0.6,0.95,0.9,0.28256040000000004
3-port,3,1058.0,0.85,0.81,0.8,0.6,0.95,0.9,0.28256040000000004
3-port,3,1059.0,0.85,0.81,0.8,0.6,0.95,0.9,0.28256040000000004
3-port,3,1060.0,0.85,0.81,0.8,0.6,0.95,0.9,0.28256040000000004
3-port,3,1061.0,0.85,0.81,0.8,0.6,0.95,0.9,0.28256040000000004
3-port,3,1062.0,0.85,0.81,0.8,0.6,0.95,0.9,0.28256040000000004
3-port,3,1063.0,0.85,0.81,0.8,0.6,0.95,0.9,0.28256040000000004
3-port,3,1064.0,0.85,0.81,0.8,0.6,0.95,0.9,0.28256040000000004
3-port,3,1065.0,0.85,0.81,0.8,0.6,0.95,0.9,0.28256040000000004
3-port,3,1066.0,0.85,0.81,0.8,0.6,0.95,0.9,0.28256040000000004
3-port,3,1067.0,0.85,0.81,0.8,0.6,0.95,0.9,0.28256040000000004
3-port,3,1068.0,0.85,0.81,0.8,0.6,0.95,0.9,0.28256040000000004
3-port,3,1069.0,0.85,0.81,0.8,0.6,0.95,0.9,0.28256040000000004
3-port,3,1070.0,0.85,0.81,0.8,0.6,0.95,0.9,0.28256040000000004
3-port,3,1071.0,0.85,0.81,0.8,0.6,0.95,0.9,0.28256040000000004
3-port,3,1072.0,0.85,0.81,0.8,0.6,0.95,0.9,0.28256040000000004
3-port,3,1073.0,0.85,0.81,0.8,0.6,0.95,0.9,0.28256040000000004
3-port,3,1074.0,0.85,0.81,0.8,0.6,0.95,0.9,0.28256040000000004
3-port,3,1075.0,0.85,0.81,0.8,0.6,0.95,0.9,0.28256040000000004
3-port,3,1076.0,0.85,0.81,0.8,0.6,0.95,0.9,0.28256040000000004
3-port,3,1077.0,0.85,0.81,0.8,0.6,0.95,0.9,0.28256040000000004
3-port,3,1078.0,0.85,0.81,0.8,0.6,0.95,0.9,0.28256040000000004
3-port,3,1079.0,0.85,0.81,0.8,0.6,0.95,0.9,0.28256040000000004
3-port,3,1080.0,0.85,0.81,0.8,0.6,0.95,0.9,0.28256040000000004
3-port,3,1081.0,0.85,0.81,0.8,0.6,0.95,0.9,0.28256040000000004
3-port,3,1082.0,0.85,0.81,0.8,0.6,0.95,0.9,0.28256040000000004
3-port,3,1083.0,0.85,0.81,0.8,0.6,0.95,0.9,0.28256040000000004
3-port,3,1084.0,0.85,0.81,0.8,0.6,0.95,0.9,0.28256040000000004
3-port,3,1085.0,0.85,0.81,0.8,0.6,0.95,0.9,0.28256040000000004
3-port,3,1086.0,0.85,0.81,0.8,0.6,0.95,0.9,0.28256040000000004
3-port,3,1087.0,0.85,0.81,0.8,0.6,0.95,0.9,0.28256040000000004
3-port,3,1088.0,0.85,0.81,0.8,0.6,0.95,0.9,0.28256040000000004
3-port,3,1089.0,0.85,0.81,0.8,0.6,0.95,0.9,0.28256040000000004
3-port,3,1090.0,0.85,0.81,0.8,0.6,0.95,0.9,0.28256040000000004
3-port,3,1091.0,0.85,0.81,0.8,0.6,0.95,0.9,0.28256040000000004
3-port,3,1092.0,0.85,0.81,0.8,0.6,0.95,0.9,0.28256040000000004
3-port,3,1093.0,0.85,0.81,0.8,0.6,0.95,0.9,0.28256040000000004
3-port,3,1094.0,0.85,0.81,0.8,0.6,0.95,0.9,0.28256040000000004
3-port,3,1095.0,0.85,0.81,0.8,0.6,0.95,0.9,0.28256040000000004
3-port,3,1096.0,0.85,0.81,0.8,0.6,0.95,0.9,0.28256040000000004
3-port,3,1097.0,0.85,0.81,0.8,0.6,0.95,0.9,0.28256040000000004
3-port,3,1098.0,0.85,0.81,0.8,0.6,0.95,0.9,0.28256040000000004
3-port,3,1099.0,0.85,0.81,0.8,0.6,0.95,0.9,0.28256040000000004
3-port,3,1100.0,0.85,0.81,0.8,0.6,0.95,0.9,0.28256040000000004
7-port,7,800.0,0.85,0.81,0.8,0.6,0.5847682483558584,0.9,0.1739287896449797
7-port,7,801.0,0.85,0.81,0.8,0.6,0.5847682483558584,0.9,0.1739287896449797
7-port,7,802.0,0.85,0.81,0.8,0.6,0.5847682483558584,0.9,0.1739287896449797
7-port,7,803.0,0.85,0.81,0.8,0.6,0.5847682483558584,0.9,0.1739287896449797
7-port,7,804.0,0.85,0.81,0.8,0.6,0.5847682483558584,0.9,0.1739287896449797
7-port,7,805.0,0.85,0.81,0.8,0.6,0.5847682483558584,0.9,0.1739287896449797
7-port,7,806.0,0.85,0.81,0.8,0.6,0.5847682483558584,0.9,0.1739287896449797
7-port,7,807.0,0.85,0.81,0.8,0.6,0.5847682483558584,0.9,0.1739287896449797
7-port,7,808.0,0.85,0.81,0.8,0.6,0.5847682483558584,0.9,0.1739287896449797
7-port,7,809.0,0.85,0.81,0.8,0.6,0.5847682483558584,0.9,0.1739287896449797
7-port,7,810.0,0.85,0.81,0.8,0.6,0.5847682483558584,0.9,0.1739287896449797
7-port,7,811.0,0.85,0.81,0.8,0.6,0.5847682483558584,0.9,0.1739287896449797
7-port,7,812.0,0.85,0.81,0.8,0.6,0.5847682483558584,0.9,0.1739287896449797
7-port,7,813.0,0.85,0.81,0.8,0.6,0.5847682483558584,0.9,0.1739287896449797
7-port,7,814.0,0.85,0.81,0.8,0.6,0.5847682483558584,0.9,0.1739287896449797
7-port,7,815.0,0.85,0.81,0.8,0.6,0.5847682483558584,0.9,0.1739287896449797
7-port,7,816.0,0.85,0.81,0.8,0.6,0.5847682483558584,0.9,0.1739287896449797
7-port,7,817.0,0.85,0.81,0.8,0.6,0.5847682483558584,0.9,0.1739287896449797
7-port,7,818.0,0.85,0.81,0.8,0.6,0.5847682483558584,0.9,0.1739287896449797
7-port,7,819.0,0.85,0.81,0.8,0.6,0.5847682483558584,0.9,0.1739287896449797
7-port,7,820.0,0.85,0.81,0.8,0.6,0.5847682483558584,0.9,0.1739287896449797
7-port,7,821.0,0.85,0.81,0.8,0.6,0.5847682483558584,0.9,0.1739287896449797
7-port,7,822.0,0.85,0.81,0.8,0.6,0.5847682483558584,0.9,0.1739287896449797
7-port,7,823.0,0.85,0.81,0.8,0.6,0.5847682483558584,0.9,0.1739287896449797
7-port,7,824.0,0.85,0.81,0.8,0.6,0.5847682483558584,0.9,0.1739287896449797
7-port,7,825.0,0.85,0.81,0.8,0.6,0.5847682483558584,0.9,0.1739287896449797
7-port,7,826.0,0.85,0.81,0.8,0.6,0.5847682483558584,0.9,0.1739287896449797
7-port,7,827.0,0.85,0.81,0.8,0.6,0.5847682483558584,0.9,0.1739287896449797
7-port,7,828.0,0.85,0.81,0.8,0.6,0.5847682483558584,0.9,0.1739287896449797
7-port,7,829.0,0.85,0.81,0.8,0.6,0.5847682483558584,0.9,0.1739287896449797
7-port,7,830.0,0.85,0.81,0.8,0.6,0.5847682483558584,0.9,0.1739287896449797
7-port,7,831.0,0.85,0.81,0.8,0.6,0.5847682483558584,0.9,0.1739287896449797
7-port,7,832.0,0.85,0.81,0.8,0.6,0.5847682483558584,0.9,0.1739287896449797
7-port,7,833.0,0.85,0.81,0.8,0.6,0.5847682483558584,0.9,0.1739287896449797
7-port,7,834.0,0.85,0.81,0.8,0.6,0.5847682483558584,0.9,0.1739287896449797
7-port,7,835.0,0.85,0.81,0.8,0.6,0.5847682483558584,0.9,0.1739287896449797
7-port,7,836.0,0.85,0.81,0.8,0.6,0.5847682483558584,0.9,0.1739287896449797
7-port,7,837.0,0.85,0.81,0.8,0.6,0.5847682483558584,0.9,0.1739287896449797
7-port,7,838.0,0.85,0.81,0.8,0.6,0.6781939239709261,0.9,0.20171657519452052
7-port,7,839.0,0.85,0.81,0.8,0.6,0.6781939239709261,0.9,0.20171657519452052
7-port,7,840.0,0.85,0.81,0.8,0.6,0.6781939239709261,0.9,0.20171657519452052
7-port,7,841.0,0.85,0.81,0.8,0.6,0.6781939239709261,0.9,0.20171657519452052
7-port,7,842.0,0.85,0.81,0.8,0.6,0.6781939239709261,0.9,0.20171657519452052
7-port,7,843.0,0.85,0.81,0.8,0.6,0.6781939239709261,0.9,0.20171657519452052
7-port,7,844.0,0.85,0.81,0.8,0.6,0.6781939239709261,0.9,0.20171657519452052
7-port,7,845.0,0.85,0.81,0.8,0.6,0.6781939239709261,0.9,0.20171657519452052
7-port,7,846.0,0.85,0.81,0.8,0.6,0.6781939239709261,0.9,0.20171657519452052
7-port,7,847.0,0.85,0.81,0.8,0.6,0.6781939239709261,0.9,0.20171657519452052
7-port,7,848.0,0.85,0.81,0.8,0.6,0.6781939239709261,0.9,0.20171657519452052
7-port,7,849.0,0.85,0.81,0.8,0.6,0.6781939239709261,0.9,0.20171657519452052
7-port,7,850.0,0.85,0.81,0.8,0.6,0.6781939239709261,0.9,0.20171657519452052
7-port,7,851.0,0.85,0.81,0.8,0.6,0.6781939239709261,0.9,0.20171657519452052
7-port,7,852.0,0.85,0.81,0.8,0.6,0.6781939239709261,0.9,0.20171657519452052
7-port,7,853.0,0.85,0.81,0.8,0.6,0.6781939239709261,0.9,0.20171657519452052
7-port,7,854.0,0.85,0.81,0.8,0.6,0.6781939239709261,0.9,0.20171657519452052
7-port,7,855.0,0.85,0.81,0.8,0.6,0.6781939239709261,0.9,0.20171657519452052
7-port,7,856.0,0.85,0.81,0.8,0.6,0.6781939239709261,0.9,0.20171657519452052
7-port,7,857.0,0.85,0.81,0.8,0.6,0.6781939239709261,0.9,0.20171657519452052
7-port,7,858.0,0.85,0.81,0.8,0.6,0.6781939239709261,0.9,0.20171657519452052
7-port,7,859.0,0.85,0.81,0.8,0.6,0.6781939239709261,0.9,0.20171657519452052
7-port,7,860.0,0.85,0.81,0.8,0.6,0.6781939239709261,0.9,0.20171657519452052
7-port,7,861.0,0.85,0.81,0.8,0.6,0.6781939239709261,0.9,0.20171657519452052
7-port,7,862.0,0.85,0.81,0.8,0.6,0.6781939239709261,0.9,0.20171657519452052
7-port,7,863.0,0.85,0.81,0.8,0.6,0.6781939239709261,0.9,0.20171657519452052
7-port,7,864.0,0.85,0.81,0.8,0.6,0.6781939239709261,0.9,0.20171657519452052
7-port,7,865.0,0.85,0.81,0.8,0.6,0.6781939239709261,0.9,0.20171657519452052
7-port,7,866.0,0.85,0.81,0.8,0.6,0.6781939239709261,0.9,0.20171657519452052
7-port,7,867.0,0.85,0.81,0.8,0.6,0.6781939239709261,0.9,0.20171657519452052
7-port,7,868.0,0.85,0.81,0.8,0.6,0.6781939239709261,0.9,0.20171657519452052
7-port,7,869.0,0.85,0.81,0.8,0.6,0.6781939239709261,0.9,0.20171657519452052
7-port,7,870.0,0.85,0.81,0.8,0.6,0.6781939239709261,0.9,0.20171657519452052
7-port,7,871.0,0.85,0.81,0.8,0.6,0.6781939239709261,0.9,0.20171657519452052
7-port,7,872.0,0.85,0.81,0.8,0.6,0.6781939239709261,0.9,0.20171657519452052
7-port,7,873.0,0.85,0.81,0.8,0.6,0.6781939239709261,0.9,0.20171657519452052
7-port,7,874.0,0.85,0.81,0.8,0.6,0.6781939239709261,0.9,0.20171657519452052
7-port,7,875.0,0.85,0.81,0.8,0.6,0.6781939239709261,0.9,0.20171657519452052
7-port,7,876.0,0.85,0.81,0.8,0.6,0.6781939239709261,0.9,0.20171657519452052
7-port,7,877.0,0.85,0.81,0.8,0.6,0.6781939239709261,0.9,0.20171657519452052
7-port,7,878.0,0.85,0.81,0.8,0.6,0.6781939239709261,0.9,0.20171657519452052
7-port,7,879.0,0.85,0.81,0.8,0.6,0.6781939239709261,0.9,0.20171657519452052
7-port,7,880.0,0.85,0.81,0.8,0.6,0.6781939239709261,0.9,0.20171657519452052
7-port,7,881.0,0.85,0.81,0.8,0.6,0.6781939239709261,0.9,0.20171657519452052
7-port,7,882.0,0.85,0.81,0.8,0.6,0.6781939239709261,0.9,0.20171657519452052
7-port,7,883.0,0.85,0.81,0.8,0.6,0.6781939239709261,0.9,0.20171657519452052
7-port,7,884.0,0.85,0.81,0.8,0.6,0.6781939239709261,0.9,0.20171657519452052
7-port,7,885.0,0.85,0.81,0.8,0.6,0.6781939239709261,0.9,0.20171657519452052
7-port,7,886.0,0.85,0.81,0.8,0.6,0.6781939239709261,0.9,0.20171657519452052
7-port,7,887.0,0.85,0.81,0.8,0.6,0.6781939239709261,0.9,0.20171657519452052
7-port,7,888.0,0.85,0.81,0.8,0.6,0.6781939239709261,0.9,0.20171657519452052
7-port,7,889.0,0.85,0.81,0.8,0.6,0.7963776030963178,0.9,0.23686818324414402
7-port,7,890.0,0.85,0.81,0.8,0.6,0.7963776030963178,0.9,0.23686818324414402
7-port,7,891.0,0.85,0.81,0.8,0.6,0.7963776030963178,0.9,0.23686818324414402
7-port,7,892.0,0.85,0.81,0.8,0.6,0.7963776030963178,0.9,0.23686818324414402
7-port,7,893.0,0.85,0.81,0.8,0.6,0.7963776030963178,0.9,0.23686818324414402
7-port,7,894.0,0.85,0.81,0.8,0.6,0.7963776030963178,0.9,0.23686818324414402
7-port,7,895.0,0.85,0.81,0.8,0.6,0.7963776030963178,0.9,0.23686818324414402
7-port,7,896.0,0.85,0.81,0.8,0.6,0.7963776030963178,0.9,0.23686818324414402
7-port,7,897.0,0.85,0.81,0.8,0.6,0.7963776030963178,0.9,0.23686818324414402
7-port,7,898.0,0.85,0.81,0.8,0.6,0.7963776030963178,0.9,0.23686818324414402
7-port,7,899.0,0.85,0.81,0.8,0.6,0.7963776030963178,0.9,0.23686818324414402
7-port,7,900.0,0.85,0.81,0.8,0.6,0.7963776030963178,0.9,0.23686818324414402
7-port,7,901.0,0.85,0.81,0.8,0.6,0.7963776030963178,0.9,0.23686818324414402
7-port,7,902.0,0.85,0.81,0.8,0.6,0.7963776030963178,0.9,0.23686818324414402
7-port,7,903.0,0.85,0.81,0.8,0.6,0.7963776030963178,0.9,0.23686818324414402
7-port,7,904.0,0.85,0.81,0.8,0.6,0.7963776030963178,0.9,0.23686818324414402
7-port,7,905.0,0.85,0.81,0.8,0.6,0.7963776030963178,0.9,0.23686818324414402
7-port,7,906.0,0.85,0.81,0.8,0.6,0.7963776030963178,0.9,0.23686818324414402
7-port,7,907.0,0.85,0.81,0.8,0.6,0.7963776030963178,0.9,0.23686818324414402
7-port,7,908.0,0.85,0.81,0.8,0.6,0.7963776030963178,0.9,0.23686818324414402
7-port,7,909.0,0.85,0.81,0.8,0.6,0.7963776030963178,0.9,0.23686818324414402
7-port,7,910.0,0.85,0.81,0.8,0.6,0.7963776030963178,0.9,0.23686818324414402
7-port,7,911.0,0.85,0.81,0.8,0.6,0.7963776030963178,0.9,0.23686818324414402
7-port,7,912.0,0.85,0.81,0.8,0.6,0.7963776030963178,0.9,0.23686818324414402
7-port,7,913.0,0.85,0.81,0.8,0.6,0.7963776030963178,0.9,0.23686818324414402
7-port,7,914.0,0.85,0.81,0.8,0.6,0.7963776030963178,0.9,0.23686818324414402
7-port,7,915.0,0.85,0.81,0.8,0.6,0.7963776030963178,0.9,0.23686818324414402
7-port,7,916.0,0.85,0.81,0.8,0.6,0.7963776030963178,0.9,0.23686818324414402
7-port,7,917.0,0.85,0.81,0.8,0.6,0.7963776030963178,0.9,0.23686818324414402
7-port,7,918.0,0.85,0.81,0.8,0.6,0.7963776030963178,0.9,0.23686818324414402
7-port,7,919.0,0.85,0.81,0.8,0.6,0.7963776030963178,0.9,0.23686818324414402
7-port,7,920.0,0.85,0.81,0.8,0.6,0.7963776030963178,0.9,0.23686818324414402
7-port,7,921.0,0.85,0.81,0.8,0.6,0.7963776030963178,0.9,0.23686818324414402
7-port,7,922.0,0.85,0.81,0.8,0.6,0.7963776030963178,0.9,0.23686818324414402
7-port,7,923.0,0.85,0.81,0.8,0.6,0.7963776030963178,0.9,0.23686818324414402
7-port,7,924.0,0.85,0.81,0.8,0.6,0.7963776030963178,0.9,0.23686818324414402
7-port,7,925.0,0.85,0.81,0.8,0.6,0.7963776030963178,0.9,0.23686818324414402
7-port,7,926.0,0.85,0.81,0.8,0.6,0.7963776030963178,0.9,0.23686818324414402
7-port,7,927.0,0.85,0.81,0.8,0.6,0.7963776030963178,0.9,0.23686818324414402
7-port,7,928.0,0.85,0.81,0.8,0.6,0.7963776030963178,0.9,0.23686818324414402
7-port,7,929.0,0.85,0.81,0.8,0.6,0.7963776030963178,0.9,0.23686818324414402
7-port,7,930.0,0.85,0.81,0.8,0.6,0.7963776030963178,0.9,0.23686818324414402
7-port,7,931.0,0.85,0.81,0.8,0.6,0.7963776030963178,0.9,0.23686818324414402
7-port,7,932.0,0.85,0.81,0.8,0.6,0.7963776030963178,0.9,0.23686818324414402
7-port,7,933.0,0.85,0.81,0.8,0.6,0.7963776030963178,0.9,0.23686818324414402
7-port,7,934.0,0.85,0.81,0.8,0.6,0.7963776030963178,0.9,0.23686818324414402
7-port,7,935.0,0.85,0.81,0.8,0.6,0.7963776030963178,0.9,0.23686818324414402
7-port,7,936.0,0.85,0.81,0.8,0.6,0.7963776030963178,0.9,0.23686818324414402
7-port,7,937.0,0.85,0.81,0.8,0.6,0.7963776030963178,0.9,0.23686818324414402
7-port,7,938.0,0.85,0.81,0.8,0.6,0.7963776030963178,0.9,0.23686818324414402
7-port,7,939.0,0.85,0.81,0.8,0.6,0.7963776030963178,0.9,0.23686818324414402
7-port,7,940.0,0.85,0.81,0.8,0.6,0.7963776030963178,0.9,0.23686818324414402
7-port,7,941.0,0.85,0.81,0.8,0.6,0.7963776030963178,0.9,0.23686818324414402
7-port,7,942.0,0.85,0.81,0.8,0.6,0.7963776030963178,0.9,0.23686818324414402
7-port,7,943.0,0.85,0.81,0.8,0.6,0.7963776030963178,0.9,0.23686818324414402
7-port,7,944.0,0.85,0.81,0.8,0.6,0.7963776030963178,0.9,0.23686818324414402
7-port,7,945.0,0.85,0.81,0.8,0.6,0.7963776030963178,0.9,0.23686818324414402
7-port,7,946.0,0.85,0.81,0.8,0.6,0.7963776030963178,0.9,0.23686818324414402
7-port,7,947.0,0.85,0.81,0.8,0.6,0.7963776030963178,0.9,0.23686818324414402
7-port,7,948.0,0.85,0.81,0.8,0.6,0.7963776030963178,0.9,0.23686818324414402
7-port,7,949.0,0.85,0.81,0.8,0.6,0.7963776030963178,0.9,0.23686818324414402
7-port,7,950.0,0.85,0.81,0.8,0.6,0.95,0.9,0.28256040000000004
7-port,7,951.0,0.85,0.81,0.8,0.6,0.95,0.9,0.28256040000000004
7-port,7,952.0,0.85,0.81,0.8,0.6,0.95,0.9,0.28256040000000004
7-port,7,953.0,0.85,0.81,0.8,0.6,0.95,0.9,0.28256040000000004
7-port,7,954.0,0.85,0.81,0.8,0.6,0.95,0.9,0.28256040000000004
7-port,7,955.0,0.85,0.81,0.8,0.6,0.95,0.9,0.28256040000000004
7-port,7,956.0,0.85,0.81,0.8,0.6,0.95,0.9,0.28256040000000004
7-port,7,957.0,0.85,0.81,0.8,0.6,0.95,0.9,0.28256040000000004
7-port,7,958.0,0.85,0.81,0.8,0.6,0.95,0.9,0.28256040000000004
7-port,7,959.0,0.85,0.81,0.8,0.6,0.95,0.9,0.28256040000000004
7-port,7,960.0,0.85,0.81,0.8,0.6,0.95,0.9,0.28256040000000004
7-port,7,961.0,0.85,0.81,0.8,0.6,0.95,0.9,0.28256040000000004
7-port,7,962.0,0.85,0.81,0.8,0.6,0.95,0.9,0.28256040000000004
7-port,7,963.0,0.85,0.81,0.8,0.6,0.95,0.9,0.28256040000000004
7-port,7,964.0,0.85,0.81,0.8,0.6,0.95,0.9,0.28256040000000004
7-port,7,965.0,0.85,0.81,0.8,0.6,0.95,0.9,0.28256040000000004
7-port,7,966.0,0.85,0.81,0.8,0.6,0.95,0.9,0.28256040000000004
7-port,7,967.0,0.85,0.81,0.8,0.6,0.95,0.9,0.28256040000000004
7-port,7,968.0,0.85,0.81,0.8,0.6,0.95,0.9,0.28256040000000004
7-port,7,969.0,0.85,0.81,0.8,0.6,0.95,0.9,0.28256040000000004
7-port,7,970.0,0.85,0.81,0.8,0.6,0.95,0.9,0.28256040000000004
7-port,7,971.0,0.85,0.81,0.8,0.6,0.95,0.9,0.28256040000000004
7-port,7,972.0,0.85,0.81,0.8,0.6,0.95,0.9,0.28256040000000004
7-port,7,973.0,0.85,0.81,0.8,0.6,0.95,0.9,0.28256040000000004
7-port,7,974.0,0.85,0.81,0.8,0.6,0.95,0.9,0.28256040000000004
7-port,7,975.0,0.85,0.81,0.8,0.6,0.95,0.9,0.28256040000000004
7-port,7,976.0,0.85,0.81,0.8,0.6,0.95,0.9,0.28256040000000004
7-port,7,977.0,0.85,0.81,0.8,0.6,0.95,0.9,0.28256040000000004
7-port,7,978.0,0.85,0.81,0.8,0.6,0.95,0.9,0.28256040000000004
7-port,7,979.0,0.85,0.81,0.8,0.6,0.95,0.9,0.28256040000000004
7-port,7,980.0,0.85,0.81,0.8,0.6,0.95,0.9,0.28256040000000004
7-port,7,981.0,0.85,0.81,0.8,0.6,0.95,0.9,0.28256040000000004
7-port,7,982.0,0.85,0.81,0.8,0.6,0.95,0.9,0.28256040000000004
7-port,7,983.0,0.85,0.81,0.8,0.6,0.95,0.9,0.28256040000000004
7-port,7,984.0,0.85,0.81,0.8,0.6,0.95,0.9,0.28256040000000004
7-port,7,985.0,0.85,0.81,0.8,0.6,0.95,0.9,0.28256040000000004
7-port,7,986.0,0.85,0.81,0.8,0.6,0.95,0.9,0.28256040000000004
7-port,7,987.0,0.85,0.81,0.8,0.6,0.95,0.9,0.28256040000000004
7-port,7,988.0,0.85,0.81,0.8,0.6,0.95,0.9,0.28256040000000004
7-port,7,989.0,0.85,0.81,0.8,0.6,0.95,0.9,0.28256040000000004
7-port,7,990.0,0.85,0.81,0.8,0.6,0.95,0.9,0.28256040000000004
7-port,7,991.0,0.85,0.81,0.8,0.6,0.95,0.9,0.28256040000000004
7-port,7,992.0,0.85,0.81,0.8,0.6,0.95,0.9,0.28256040000000004
7-port,7,993.0,0.85,0.81,0.8,0.6,0.95,0.9,0.28256040000000004
7-port,7,994.0,0.85,0.81,0.8,0.6,0.95,0.9,0.28256040000000004
7-port,7,995.0,0.85,0.81,0.8,0.6,0.95,0.9,0.28256040000000004
7-port,7,996.0,0.85,0.81,0.8,0.6,0.95,0.9,0.28256040000000004
7-port,7,997.0,0.85,0.81,0.8,0.6,0.95,0.9,0.28256040000000004
7-port,7,998.0,0.85,0.81,0.8,0.6,0.95,0.9,0.28256040000000004
7-port,7,999.0,0.85,0.81,0.8,0.6,0.95,0.9,0.28256040000000004
7-port,7,1000.0,0.85,0.81,0.8,0.6,0.95,0.9,0.28256040000000004
7-port,7,1001.0,0.85,0.81,0.8,0.6,0.95,0.9,0.28256040000000004
7-port,7,1002.0,0.85,0.81,0.8,0.6,0.95,0.9,0.28256040000000004
7-port,7,1003.0,0.85,0.81,0.8,0.6,0.95,0.9,0.28256040000000004
7-port,7,1004.0,0.85,0.81,0.8,0.6,0.95,0.9,0.28256040000000004
7-port,7,1005.0,0.85,0.81,0.8,0.6,0.95,0.9,0.28256040000000004
7-port,7,1006.0,0.85,0.81,0.8,0.6,0.95,0.9,0.28256040000000004
7-port,7,1007.0,0.85,0.81,0.8,0.6,0.95,0.9,0.28256040000000004
7-port,7,1008.0,0.85,0.81,0.8,0.6,0.95,0.9,0.28256040000000004
7-port,7,1009.0,0.85,0.81,0.8,0.6,0.95,0.9,0.28256040000000004
7-port,7,1010.0,0.85,0.81,0.8,0.6,0.95,0.9,0.28256040000000004
7-port,7,1011.0,0.85,0.81,0.8,0.6,0.95,0.9,0.28256040000000004
7-port,7,1012.0,0.85,0.81,0.8,0.6,0.95,0.9,0.28256040000000004
7-port,7,1013.0,0.85,0.81,0.8,0.6,0.95,0.9,0.28256040000000004
7-port,7,1014.0,0.85,0.81,0.8,0.6,0.95,0.9,0.28256040000000004
7-port,7,1015.0,0.85,0.81,0.8,0.6,0.95,0.9,0.28256040000000004
7-port,7,1016.0,0.85,0.81,0.8,0.6,0.95,0.9,0.28256040000000004
7-port,7,1017.0,0.85,0.81,0.8,0.6,0.95,0.9,0.28256040000000004
7-port,7,1018.0,0.85,0.81,0.8,0.6,0.95,0.9,0.28256040000000004
7-port,7,1019.0,0.85,0.81,0.8,0.6,0.95,0.9,0.28256040000000004
7-port,7,1020.0,0.85,0.81,0.8,0.6,0.95,0.9,0.28256040000000004
7-port,7,1021.0,0.85,0.81,0.8,0.6,0.95,0.9,0.28256040000000004
7-port,7,1022.0,0.85,0.81,0.8,0.6,0.95,0.9,0.28256040000000004
7-port,7,1023.0,0.85,0.81,0.8,0.6,0.95,0.9,0.28256040000000004
7-port,7,1024.0,0.85,0.81,0.8,0.6,0.95,0.9,0.28256040000000004
7-port,7,1025.0,0.85,0.81,0.8,0.6,0.95,0.9,0.28256040000000004
7-port,7,1026.0,0.85,0.81,0.8,0.6,0.95,0.9,0.28256040000000004
7-port,7,1027.0,0.85,0.81,0.8,0.6,0.95,0.9,0.28256040000000004
7-port,7,1028.0,0.85,0.81,0.8,0.6,0.95,0.9,0.28256040000000004
7-port,7,1029.0,0.85,0.81,0.8,0.6,0.95,0.9,0.28256040000000004
7-port,7,1030.0,0.85,0.81,0.8,0.6,0.95,0.9,0.28256040000000004
7-port,7,1031.0,0.85,0.81,0.8,0.6,0.95,0.9,0.28256040000000004
7-port,7,1032.0,0.85,0.81,0.8,0.6,0.95,0.9,0.28256040000000004
7-port,7,1033.0,0.85,0.81,0.8,0.6,0.95,0.9,0.28256040000000004
7-port,7,1034.0,0.85,0.81,0.8,0.6,0.95,0.9,0.28256040000000004
7-port,7,1035.0,0.85,0.81,0.8,0.6,0.95,0.9,0.28256040000000004
7-port,7,1036.0,0.85,0.81,0.8,0.6,0.95,0.9,0.28256040000000004
7-port,7,1037.0,0.85,0.81,0.8,0.6,0.95,0.9,0.28256040000000004
7-port,7,1038.0,0.85,0.81,0.8,0.6,0.95,0.9,0.28256040000000004
7-port,7,1039.0,0.85,0.81,0.8,0.6,0.95,0.9,0.28256040000000004
7-port,7,1040.0,0.85,0.81,0.8,0.6,0.95,0.9,0.28256040000000004
7-port,7,1041.0,0.85,0.81,0.8,0.6,0.95,0.9,0.28256040000000004
7-port,7,1042.0,0.85,0.81,0.8,0.6,0.95,0.9,0.28256040000000004
7-port,7,1043.0,0.85,0.81,0.8,0.6,0.95,0.9,0.28256040000000004
7-port,7,1044.0,0.85,0.81,0.8,0.6,0.95,0.9,0.28256040000000004
7-port,7,1045.0,0.85,0.81,0.8,0.6,0.95,0.9,0.28256040000000004
7-port,7,1046.0,0.85,0.81,0.8,0.6,0.95,0.9,0.28256040000000004
7-port,7,1047.0,0.85,0.81,0.8,0.6,0.95,0.9,0.28256040000000004
7-port,7,1048.0,0.85,0.81,0.8,0.6,0.95,0.9,0.28256040000000004
7-port,7,1049.0,0.85,0.81,0.8,0.6,0.95,0.9,0.28256040000000004
7-port,7,1050.0,0.85,0.81,0.8,0.6,0.95,0.9,0.28256040000000004
7-port,7,1051.0,0.85,0.81,0.8,0.6,0.95,0.9,0.28256040000000004
7-port,7,1052.0,0.85,0.81,0.8,0.6,0.95,0.9,0.28256040000000004
7-port,7,1053.0,0.85,0.81,0.8,0.6,0.95,0.9,0.28256040000000004
7-port,7,1054.0,0.85,0.81,0.8,0.6,0.95,0.9,0.28256040000000004
7-port,7,1055.0,0.85,0.81,0.8,0.6,0.95,0.9,0.28256040000000004
7-port,7,1056.0,0.85,0.81,0.8,0.6,0.95,0.9,0.28256040000000004
7-port,7,1057.0,0.85,0.81,0.8,0.6,0.95,0.9,0.28256040000000004
7-port,7,1058.0,0.85,0.81,0.8,0.6,0.95,0.9,0.28256040000000004
7-port,7,1059.0,0.85,0.81,0.8,0.6,0.95,0.9,0.28256040000000004
7-port,7,1060.0,0.85,0.81,0.8,0.6,0.95,0.9,0.28256040000000004
7-port,7,1061.0,0.85,0.81,0.8,0.6,0.95,0.9,0.28256040000000004
7-port,7,1062.0,0.85,0.81,0.8,0.6,0.95,0.9,0.28256040000000004
7-port,7,1063.0,0.85,0.81,0.8,0.6,0.95,0.9,0.28256040000000004
7-port,7,1064.0,0.85,0.81,0.8,0.6,0.95,0.9,0.28256040000000004
7-port,7,1065.0,0.85,0.81,0.8,0.6,0.95,0.9,0.28256040000000004
7-port,7,1066.0,0.85,0.81,0.8,0.6,0.95,0.9,0.28256040000000004
7-port,7,1067.0,0.85,0.81,0.8,0.6,0.95,0.9,0.28256040000000004
7-port,7,1068.0,0.85,0.81,0.8,0.6,0.95,0.9,0.28256040000000004
7-port,7,1069.0,0.85,0.81,0.8,0.6,0.95,0.9,0.28256040000000004
7-port,7,1070.0,0.85,0.81,0.8,0.6,0.95,0.9,0.28256040000000004
7-port,7,1071.0,0.85,0.81,0.8,0.6,0.95,0.9,0.28256040000000004
7-port,7,1072.0,0.85,0.81,0.8,0.6,0.95,0.9,0.28256040000000004
7-port,7,1073.0,0.85,0.81,0.8,0.6,0.95,0.9,0.28256040000000004
7-port,7,1074.0,0.85,0.81,0.8,0.6,0.95,0.9,0.28256040000000004
7-port,7,1075.0,0.85,0.81,0.8,0.6,0.95,0.9,0.28256040000000004
7-port,7,1076.0,0.85,0.81,0.8,0.6,0.95,0.9,0.28256040000000004
7-port,7,1077.0,0.85,0.81,0.8,0.6,0.95,0.9,0.28256040000000004
7-port,7,1078.0,0.85,0.81,0.8,0.6,0.95,0.9,0.28256040000000004
7-port,7,1079.0,0.85,0.81,0.8,0.6,0.95,0.9,0.28256040000000004
7-port,7,1080.0,0.85,0.81,0.8,0.6,0.95,0.9,0.28256040000000004
7-port,7,1081.0,0.85,0.81,0.8,0.6,0.95,0.9,0.28256040000000004
7-port,7,1082.0,0.85,0.81,0.8,0.6,0.95,0.9,0.28256040000000004
7-port,7,1083.0,0.85,0.81,0.8,0.6,0.95,0.9,0.28256040000000004
7-port,7,1084.0,0.85,0.81,0.8,0.6,0.95,0.9,0.28256040000000004
7-port,7,1085.0,0.85,0.81,0.8,0.6,0.95,0.9,0.28256040000000004
7-port,7,1086.0,0.85,0.81,0.8,0.6,0.95,0.9,0.28256040000000004
7-port,7,1087.0,0.85,0.81,0.8,0.6,0.95,0.9,0.28256040000000004
7-port,7,1088.0,0.85,0.81,0.8,0.6,0.95,0.9,0.28256040000000004
7-port,7,1089.0,0.85,0.81,0.8,0.6,0.95,0.9,0.28256040000000004
7-port,7,1090.0,0.85,0.81,0.8,0.6,0.95,0.9,0.28256040000000004
7-port,7,1091.0,0.85,0.81,0.8,0.6,0.95,0.9,0.28256040000000004
7-port,7,1092.0,0.85,0.81,0.8,0.6,0.95,0.9,0.28256040000000004
7-port,7,1093.0,0.85,0.81,0.8,0.6,0.95,0.9,0.28256040000000004
7-port,7,1094.0,0.85,0.81,0.8,0.6,0.95,0.9,0.28256040000000004
7-port,7,1095.0,0.85,0.81,0.8,0.6,0.95,0.9,0.28256040000000004
7-port,7,1096.0,0.85,0.81,0.8,0.6,0.95,0.9,0.28256040000000004
7-port,7,1097.0,0.85,0.81,0.8,0.6,0.95,0.9,0.28256040000000004
7-port,7,1098.0,0.85,0.81,0.8,0.6,0.95,0.9,0.28256040000000004
7-port,7,1099.0,0.85,0.81,0.8,0.6,0.95,0.9,0.28256040000000004
7-port,7,1100.0,0.85,0.81,0.8,0.6,0.95,0.9,0.28256040000000004
19-port,19,800.0,0.85,0.81,0.8,0.6,0.5891897619697719,0.9,0.17524388928219323
19-port,19,801.0,0.85,0.81,0.8,0.6,0.5891897619697719,0.9,0.17524388928219323
19-port,19,802.0,0.85,0.81,0.8,0.6,0.5891897619697719,0.9,0.17524388928219323
19-port,19,803.0,0.85,0.81,0.8,0.6,0.5891897619697719,0.9,0.17524388928219323
19-port,19,804.0,0.85,0.81,0.8,0.6,0.5891897619697719,0.9,0.17524388928219323
19-port,19,805.0,0.85,0.81,0.8,0.6,0.5891897619697719,0.9,0.17524388928219323
19-port,19,806.0,0.85,0.81,0.8,0.6,0.5891897619697719,0.9,0.17524388928219323
19-port,19,807.0,0.85,0.81,0.8,0.6,0.5891897619697719,0.9,0.17524388928219323
19-port,19,808.0,0.85,0.81,0.8,0.6,0.5891897619697719,0.9,0.17524388928219323
19-port,19,809.0,0.85,0.81,0.8,0.6,0.5891897619697719,0.9,0.17524388928219323
19-port,19,810.0,0.85,0.81,0.8,0.6,0.5891897619697719,0.9,0.17524388928219323
19-port,19,811.0,0.85,0.81,0.8,0.6,0.5891897619697719,0.9,0.17524388928219323
19-port,19,812.0,0.85,0.81,0.8,0.6,0.5891897619697719,0.9,0.17524388928219323
19-port,19,813.0,0.85,0.81,0.8,0.6,0.6215883829619038,0.9,0.18488027592112502
19-port,19,814.0,0.85,0.81,0.8,0.6,0.6215883829619038,0.9,0.18488027592112502
19-port,19,815.0,0.85,0.81,0.8,0.6,0.6215883829619038,0.9,0.18488027592112502
19-port,19,816.0,0.85,0.81,0.8,0.6,0.6215883829619038,0.9,0.18488027592112502
19-port,19,817.0,0.85,0.81,0.8,0.6,0.6215883829619038,0.9,0.18488027592112502
19-port,19,818.0,0.85,0.81,0.8,0.6,0.6215883829619038,0.9,0.18488027592112502
19-port,19,819.0,0.85,0.81,0.8,0.6,0.6215883829619038,0.9,0.18488027592112502
19-port,19,820.0,0.85,0.81,0.8,0.6,0.6215883829619038,0.9,0.18488027592112502
19-port,19,821.0,0.85,0.81,0.8,0.6,0.6215883829619038,0.9,0.18488027592112502
19-port,19,822.0,0.85,0.81,0.8,0.6,0.6215883829619038,0.9,0.18488027592112502
19-port,19,823.0,0.85,0.81,0.8,0.6,0.6215883829619038,0.9,0.18488027592112502
19-port,19,824.0,0.85,0.81,0.8,0.6,0.6215883829619038,0.9,0.18488027592112502
19-port,19,825.0,0.85,0.81,0.8,0.6,0.6215883829619038,0.9,0.18488027592112502
19-port,19,826.0,0.85,0.81,0.8,0.6,0.6215883829619038,0.9,0.18488027592112502
19-port,19,827.0,0.85,0.81,0.8,0.6,0.6215883829619038,0.9,0.18488027592112502
19-port,19,828.0,0.85,0.81,0.8,0.6,0.6215883829619038,0.9,0.18488027592112502
19-port,19,829.0,0.85,0.81,0.8,0.6,0.6567400622799298,0.9,0.1953355102040441
19-port,19,830.0,0.85,0.81,0.8,0.6,0.6567400622799298,0.9,0.1953355102040441
19-port,19,831.0,0.85,0.81,0.8,0.6,0.6567400622799298,0.9,0.1953355102040441
19-port,19,832.0,0.85,0.81,0.8,0.6,0.6567400622799298,0.9,0.1953355102040441
19-port,19,833.0,0.85,0.81,0.8,0.6,0.6567400622799298,0.9,0.1953355102040441
19-port,19,834.0,0.85,0.81,0.8,0.6,0.6567400622799298,0.9,0.1953355102040441
19-port,19,835.0,0.85,0.81,0.8,0.6,0.6567400622799298,0.9,0.1953355102040441
19-port,19,836.0,0.85,0.81,0.8,0.6,0.6567400622799298,0.9,0.1953355102040441
19-port,19,837.0,0.85,0.81,0.8,0.6,0.6567400622799298,0.9,0.1953355102040441
19-port,19,838.0,0.85,0.81,0.8,0.6,0.6567400622799298,0.9,0.1953355102040441
19-port,19,839.0,0.85,0.81,0.8,0.6,0.6567400622799298,0.9,0.1953355102040441
19-port,19,840.0,0.85,0.81,0.8,0.6,0.6567400622799298,0.9,0.1953355102040441
19-port,19,841.0,0.85,0.81,0.8,0.6,0.6567400622799298,0.9,0.1953355102040441
19-port,19,842.0,0.85,0.81,0.8,0.6,0.6567400622799298,0.9,0.1953355102040441
19-port,19,843.0,0.85,0.81,0.8,0.6,0.6567400622799298,0.9,0.1953355102040441
19-port,19,844.0,0.85,0.81,0.8,0.6,0.6567400622799298,0.9,0.1953355102040441
19-port,19,845.0,0.85,0.81,0.8,0.6,0.6567400622799298,0.9,0.1953355102040441
19-port,19,846.0,0.85,0.81,0.8,0.6,0.6949916040526434,0.9,0.20671274277658586
19-port,19,847.0,0.85,0.81,0.8,0.6,0.6949916040526434,0.9,0.20671274277658586
19-port,19,848.0,0.85,0.81,0.8,0.6,0.6949916040526434,0.9,0.20671274277658586
19-port,19,849.0,0.85,0.81,0.8,0.6,0.6949916040526434,0.9,0.20671274277658586
19-port,19,850.0,0.85,0.81,0.8,0.6,0.6949916040526434,0.9,0.20671274277658586
19-port,19,851.0,0.85,0.81,0.8,0.6,0.6949916040526434,0.9,0.20671274277658586
19-port,19,852.0,0.85,0.81,0.8,0.6,0.6949916040526434,0.9,0.20671274277658586
19-port,19,853.0,0.85,0.81,0.8,0.6,0.6949916040526434,0.9,0.20671274277658586
19-port,19,854.0,0.85,0.81,0.8,0.6,0.6949916040526434,0.9,0.20671274277658586
19-port,19,855.0,0.85,0.81,0.8,0.6,0.6949916040526434,0.9,0.20671274277658586
19-port,19,856.0,0.85,0.81,0.8,0.6,0.6949916040526434,0.9,0.20671274277658586
19-port,19,857.0,0.85,0.81,0.8,0.6,0.6949916040526434,0.9,0.20671274277658586
19-port,19,858.0,0.85,0.81,0.8,0.6,0.6949916040526434,0.9,0.20671274277658586
19-port,19,859.0,0.85,0.81,0.8,0.6,0.6949916040526434,0.9,0.20671274277658586
19-port,19,860.0,0.85,0.81,0.8,0.6,0.6949916040526434,0.9,0.20671274277658586
19-port,19,861.0,0.85,0.81,0.8,0.6,0.6949916040526434,0.9,0.20671274277658586
19-port,19,862.0,0.85,0.81,0.8,0.6,0.6949916040526434,0.9,0.20671274277658586
19-port,19,863.0,0.85,0.81,0.8,0.6,0.6949916040526434,0.9,0.20671274277658586
19-port,19,864.0,0.85,0.81,0.8,0.6,0.7367501705408698,0.9,0.219133076724312
19-port,19,865.0,0.85,0.81,0.8,0.6,0.7367501705408698,0.9,0.219133076724312
19-port,19,866.0,0.85,0.81,0.8,0.6,0.7367501705408698,0.9,0.219133076724312
19-port,19,867.0,0.85,0.81,0.8,0.6,0.7367501705408698,0.9,0.219133076724312
19-port,19,868.0,0.85,0.81,0.8,0.6,0.7367501705408698,0.9,0.219133076724312
19-port,19,869.0,0.85,0.81,0.8,0.6,0.7367501705408698,0.9,0.219133076724312
19-port,19,870.0,0.85,0.81,0.8,0.6,0.7367501705408698,0.9,0.219133076724312
19-port,19,871.0,0.85,0.81,0.8,0.6,0.7367501705408698,0.9,0.219133076724312
19-port,19,872.0,0.85,0.81,0.8,0.6,0.7367501705408698,0.9,0.219133076724312
19-port,19,873.0,0.85,0.81,0.8,0.6,0.7367501705408698,0.9,0.219133076724312
19-port,19,874.0,0.85,0.81,0.8,0.6,0.7367501705408698,0.9,0.219133076724312
19-port,19,875.0,0.85,0.81,0.8,0.6,0.7367501705408698,0.9,0.219133076724312
19-port,19,876.0,0.85,0.81,0.8,0.6,0.7367501705408698,0.9,0.219133076724312
19-port,19,877.0,0.85,0.81,0.8,0.6,0.7367501705408698,0.9,0.219133076724312
19-port,19,878.0,0.85,0.81,0.8,0.6,0.7367501705408698,0.9,0.219133076724312
19-port,19,879.0,0.85,0.81,0.8,0.6,0.7367501705408698,0.9,0.219133076724312
19-port,19,880.0,0.85,0.81,0.8,0.6,0.7367501705408698,0.9,0.219133076724312
19-port,19,881.0,0.85,0.81,0.8,0.6,0.7367501705408698,0.9,0.219133076724312
19-port,19,882.0,0.85,0.81,0.8,0.6,0.7367501705408698,0.9,0.219133076724312
19-port,19,883.0,0.85,0.81,0.8,0.6,0.7824970006329893,0.9,0.23273964789227133
19-port,19,884.0,0.85,0.81,0.8,0.6,0.7824970006329893,0.9,0.23273964789227133
19-port,19,885.0,0.85,0.81,0.8,0.6,0.7824970006329893,0.9,0.23273964789227133
19-port,19,886.0,0.85,0.81,0.8,0.6,0.7824970006329893,0.9,0.23273964789227133
19-port,19,887.0,0.85,0.81,0.8,0.6,0.7824970006329893,0.9,0.23273964789227133
19-port,19,888.0,0.85,0.81,0.8,0.6,0.7824970006329893,0.9,0.23273964789227133
19-port,19,889.0,0.85,0.81,0.8,0.6,0.7824970006329893,0.9,0.23273964789227133
19-port,19,890.0,0.85,0.81,0.8,0.6,0.7824970006329893,0.9,0.23273964789227133
19-port,19,891.0,0.85,0.81,0.8,0.6,0.7824970006329893,0.9,0.23273964789227133
19-port,19,892.0,0.85,0.81,0.8,0.6,0.7824970006329893,0.9,0.23273964789227133
19-port,19,893.0,0.85,0.81,0.8,0.6,0.7824970006329893,0.9,0.23273964789227133
19-port,19,894.0,0.85,0.81,0.8,0.6,0.7824970006329893,0.9,0.23273964789227133
19-port,19,895.0,0.85,0.81,0.8,0.6,0.7824970006329893,0.9,0.23273964789227133
19-port,19,896.0,0.85,0.81,0.8,0.6,0.7824970006329893,0.9,0.23273964789227133
19-port,19,897.0,0.85,0.81,0.8,0.6,0.7824970006329893,0.9,0.23273964789227133
19-port,19,898.0,0.85,0.81,0.8,0.6,0.7824970006329893,0.9,0.23273964789227133
19-port,19,899.0,0.85,0.81,0.8,0.6,0.7824970006329893,0.9,0.23273964789227133
19-port,19,900.0,0.85,0.81,0.8,0.6,0.7824970006329893,0.9,0.23273964789227133
19-port,19,901.0,0.85,0.81,0.8,0.6,0.7824970006329893,0.9,0.23273964789227133
19-port,19,902.0,0.85,0.81,0.8,0.6,0.7824970006329893,0.9,0.23273964789227133
19-port,19,903.0,0.85,0.81,0.8,0.6,0.7824970006329893,0.9,0.23273964789227133
19-port,19,904.0,0.85,0.81,0.8,0.6,0.832805047922922,0.9,0.24770287101381058
19-port,19,905.0,0.85,0.81,0.8,0.6,0.832805047922922,0.9,0.24770287101381058
19-port,19,906.0,0.85,0.81,0.8,0.6,0.832805047922922,0.9,0.24770287101381058
19-port,19,907.0,0.85,0.81,0.8,0.6,0.832805047922922,0.9,0.24770287101381058
19-port,19,908.0,0.85,0.81,0.8,0.6,0.832805047922922,0.9,0.24770287101381058
19-port,19,909.0,0.85,0.81,0.8,0.6,0.832805047922922,0.9,0.24770287101381058
19-port,19,910.0,0.85,0.81,0.8,0.6,0.832805047922922,0.9,0.24770287101381058
19-port,19,911.0,0.85,0.81,0.8,0.6,0.832805047922922,0.9,0.24770287101381058
19-port,19,912.0,0.85,0.81,0.8,0.6,0.832805047922922,0.9,0.24770287101381058
19-port,19,913.0,0.85,0.81,0.8,0.6,0.832805047922922,0.9,0.24770287101381058
19-port,19,914.0,0.85,0.81,0.8,0.6,0.832805047922922,0.9,0.24770287101381058
19-port,19,915.0,0.85,0.81,0.8,0.6,0.832805047922922,0.9,0.24770287101381058
19-port,19,916.0,0.85,0.81,0.8,0.6,0.832805047922922,0.9,0.24770287101381058
19-port,19,917.0,0.85,0.81,0.8,0.6,0.832805047922922,0.9,0.24770287101381058
19-port,19,918.0,0.85,0.81,0.8,0.6,0.832805047922922,0.9,0.24770287101381058
19-port,19,919.0,0.85,0.81,0.8,0.6,0.832805047922922,0.9,0.24770287101381058
19-port,19,920.0,0.85,0.81,0.8,0.6,0.832805047922922,0.9,0.24770287101381058
19-port,19,921.0,0.85,0.81,0.8,0.6,0.832805047922922,0.9,0.24770287101381058
19-port,19,922.0,0.85,0.81,0.8,0.6,0.832805047922922,0.9,0.24770287101381058
19-port,19,923.0,0.85,0.81,0.8,0.6,0.832805047922922,0.9,0.24770287101381058
19-port,19,924.0,0.85,0.81,0.8,0.6,0.832805047922922,0.9,0.24770287101381058
19-port,19,925.0,0.85,0.81,0.8,0.6,0.832805047922922,0.9,0.24770287101381058
19-port,19,926.0,0.85,0.81,0.8,0.6,0.888361910224633,0.9,0.26422725968193306
19-port,19,927.0,0.85,0.81,0.8,0.6,0.888361910224633,0.9,0.26422725968193306
19-port,19,928.0,0.85,0.81,0.8,0.6,0.888361910224633,0.9,0.26422725968193306
19-port,19,929.0,0.85,0.81,0.8,0.6,0.888361910224633,0.9,0.26422725968193306
19-port,19,930.0,0.85,0.81,0.8,0.6,0.888361910224633,0.9,0.26422725968193306
19-port,19,931.0,0.85,0.81,0.8,0.6,0.888361910224633,0.9,0.26422725968193306
19-port,19,932.0,0.85,0.81,0.8,0.6,0.888361910224633,0.9,0.26422725968193306
19-port,19,933.0,0.85,0.81,0.8,0.6,0.888361910224633,0.9,0.26422725968193306
19-port,19,934.0,0.85,0.81,0.8,0.6,0.888361910224633,0.9,0.26422725968193306
19-port,19,935.0,0.85,0.81,0.8,0.6,0.888361910224633,0.9,0.26422725968193306
19-port,19,936.0,0.85,0.81,0.8,0.6,0.888361910224633,0.9,0.26422725968193306
19-port,19,937.0,0.85,0.81,0.8,0.6,0.888361910224633,0.9,0.26422725968193306
19-port,19,938.0,0.85,0.81,0.8,0.6,0.888361910224633,0.9,0.26422725968193306
19-port,19,939.0,0.85,0.81,0.8,0.6,0.888361910224633,0.9,0.26422725968193306
19-port,19,940.0,0.85,0.81,0.8,0.6,0.888361910224633,0.9,0.26422725968193306
19-port,19,941.0,0.85,0.81,0.8,0.6,0.888361910224633,0.9,0.26422725968193306
19-port,19,942.0,0.85,0.81,0.8,0.6,0.888361910224633,0.9,0.26422725968193306
19-port,19,943.0,0.85,0.81,0.8,0.6,0.888361910224633,0.9,0.26422725968193306
19-port,19,944.0,0.85,0.81,0.8,0.6,0.888361910224633,0.9,0.26422725968193306
19-port,19,945.0,0.85,0.81,0.8,0.6,0.888361910224633,0.9,0.26422725968193306
19-port,19,946.0,0.85,0.81,0.8,0.6,0.888361910224633,0.9,0.26422725968193306
19-port,19,947.0,0.85,0.81,0.8,0.6,0.888361910224633,0.9,0.26422725968193306
19-port,19,948.0,0.85,0.81,0.8,0.6,0.888361910224633,0.9,0.26422725968193306
19-port,19,949.0,0.85,0.81,0.8,0.6,0.888361910224633,0.9,0.26422725968193306
19-port,19,950.0,0.85,0.81,0.8,0.6,0.95,0.9,0.28256040000000004
19-port,19,951.0,0.85,0.81,0.8,0.6,0.95,0.9,0.28256040000000004
19-port,19,952.0,0.85,0.81,0.8,0.6,0.95,0.9,0.28256040000000004
19-port,19,953.0,0.85,0.81,0.8,0.6,0.95,0.9,0.28256040000000004
19-port,19,954.0,0.85,0.81,0.8,0.6,0.95,0.9,0.28256040000000004
19-port,19,955.0,0.85,0.81,0.8,0.6,0.95,0.9,0.28256040000000004
19-port,19,956.0,0.85,0.81,0.8,0.6,0.95,0.9,0.28256040000000004
19-port,19,957.0,0.85,0.81,0.8,0.6,0.95,0.9,0.28256040000000004
19-port,19,958.0,0.85,0.81,0.8,0.6,0.95,0.9,0.28256040000000004
19-port,19,959.0,0.85,0.81,0.8,0.6,0.95,0.9,0.28256040000000004
19-port,19,960.0,0.85,0.81,0.8,0.6,0.95,0.9,0.28256040000000004
19-port,19,961.0,0.85,0.81,0.8,0.6,0.95,0.9,0.28256040000000004
19-port,19,962.0,0.85,0.81,0.8,0.6,0.95,0.9,0.28256040000000004
19-port,19,963.0,0.85,0.81,0.8,0.6,0.95,0.9,0.28256040000000004
19-port,19,964.0,0.85,0.81,0.8,0.6,0.95,0.9,0.28256040000000004
19-port,19,965.0,0.85,0.81,0.8,0.6,0.95,0.9,0.28256040000000004
19-port,19,966.0,0.85,0.81,0.8,0.6,0.95,0.9,0.28256040000000004
19-port,19,967.0,0.85,0.81,0.8,0.6,0.95,0.9,0.28256040000000004
19-port,19,968.0,0.85,0.81,0.8,0.6,0.95,0.9,0.28256040000000004
19-port,19,969.0,0.85,0.81,0.8,0.6,0.95,0.9,0.28256040000000004
19-port,19,970.0,0.85,0.81,0.8,0.6,0.95,0.9,0.28256040000000004
19-port,19,971.0,0.85,0.81,0.8,0.6,0.95,0.9,0.28256040000000004
19-port,19,972.0,0.85,0.81,0.8,0.6,0.95,0.9,0.28256040000000004
19-port,19,973.0,0.85,0.81,0.8,0.6,0.95,0.9,0.28256040000000004
19-port,19,974.0,0.85,0.81,0.8,0.6,0.95,0.9,0.28256040000000004
19-port,19,975.0,0.85,0.81,0.8,0.6,0.95,0.9,0.28256040000000004
19-port,19,976.0,0.85,0.81,0.8,0.6,0.95,0.9,0.28256040000000004
19-port,19,977.0,0.85,0.81,0.8,0.6,0.95,0.9,0.28256040000000004
19-port,19,978.0,0.85,0.81,0.8,0.6,0.95,0.9,0.28256040000000004
19-port,19,979.0,0.85,0.81,0.8,0.6,0.95,0.9,0.28256040000000004
19-port,19,980.0,0.85,0.81,0.8,0.6,0.95,0.9,0.28256040000000004
19-port,19,981.0,0.85,0.81,0.8,0.6,0.95,0.9,0.28256040000000004
19-port,19,982.0,0.85,0.81,0.8,0.6,0.95,0.9,0.28256040000000004
19-port,19,983.0,0.85,0.81,0.8,0.6,0.95,0.9,0.28256040000000004
19-port,19,984.0,0.85,0.81,0.8,0.6,0.95,0.9,0.28256040000000004
19-port,19,985.0,0.85,0.81,0.8,0.6,0.95,0.9,0.28256040000000004
19-port,19,986.0,0.85,0.81,0.8,0.6,0.95,0.9,0.28256040000000004
19-port,19,987.0,0.85,0.81,0.8,0.6,0.95,0.9,0.28256040000000004
19-port,19,988.0,0.85,0.81,0.8,0.6,0.95,0.9,0.28256040000000004
19-port,19,989.0,0.85,0.81,0.8,0.6,0.95,0.9,0.28256040000000004
19-port,19,990.0,0.85,0.81,0.8,0.6,0.95,0.9,0.28256040000000004
19-port,19,991.0,0.85,0.81,0.8,0.6,0.95,0.9,0.28256040000000004
19-port,19,992.0,0.85,0.81,0.8,0.6,0.95,0.9,0.28256040000000004
19-port,19,993.0,0.85,0.81,0.8,0.6,0.95,0.9,0.28256040000000004
19-port,19,994.0,0.85,0.81,0.8,0.6,0.95,0.9,0.28256040000000004
19-port,19,995.0,0.85,0.81,0.8,0.6,0.95,0.9,0.28256040000000004
19-port,19,996.0,0.85,0.81,0.8,0.6,0.95,0.9,0.28256040000000004
19-port,19,997.0,0.85,0.81,0.8,0.6,0.95,0.9,0.28256040000000004
19-port,19,998.0,0.85,0.81,0.8,0.6,0.95,0.9,0.28256040000000004
19-port,19,999.0,0.85,0.81,0.8,0.6,0.95,0.9,0.28256040000000004
19-port,19,1000.0,0.85,0.81,0.8,0.6,0.95,0.9,0.28256040000000004
19-port,19,1001.0,0.85,0.81,0.8,0.6,0.95,0.9,0.28256040000000004
19-port,19,1002.0,0.85,0.81,0.8,0.6,0.95,0.9,0.28256040000000004
19-port,19,1003.0,0.85,0.81,0.8,0.6,0.95,0.9,0.28256040000000004
19-port,19,1004.0,0.85,0.81,0.8,0.6,0.95,0.9,0.28256040000000004
19-port,19,1005.0,0.85,0.81,0.8,0.6,0.95,0.9,0.28256040000000004
19-port,19,1006.0,0.85,0.81,0.8,0.6,0.95,0.9,0.28256040000000004
19-port,19,1007.0,0.85,0.81,0.8,0.6,0.95,0.9,0.28256040000000004
19-port,19,1008.0,0.85,0.81,0.8,0.6,0.95,0.9,0.28256040000000004
19-port,19,1009.0,0.85,0.81,0.8,0.6,0.95,0.9,0.28256040000000004
19-port,19,1010.0,0.85,0.81,0.8,0.6,0.95,0.9,0.28256040000000004
19-port,19,1011.0,0.85,0.81,0.8,0.6,0.95,0.9,0.28256040000000004
19-port,19,1012.0,0.85,0.81,0.8,0.6,0.95,0.9,0.28256040000000004
19-port,19,1013.0,0.85,0.81,0.8,0.6,0.95,0.9,0.28256040000000004
19-port,19,1014.0,0.85,0.81,0.8,0.6,0.95,0.9,0.28256040000000004
19-port,19,1015.0,0.85,0.81,0.8,0.6,0.95,0.9,0.28256040000000004
19-port,19,1016.0,0.85,0.81,0.8,0.6,0.95,0.9,0.28256040000000004
19-port,19,1017.0,0.85,0.81,0.8,0.6,0.95,0.9,0.28256040000000004
19-port,19,1018.0,0.85,0.81,0.8,0.6,0.95,0.9,0.28256040000000004
19-port,19,1019.0,0.85,0.81,0.8,0.6,0.95,0.9,0.28256040000000004
19-port,19,1020.0,0.85,0.81,0.8,0.6,0.95,0.9,0.28256040000000004
19-port,19,1021.0,0.85,0.81,0.8,0.6,0.95,0.9,0.28256040000000004
19-port,19,1022.0,0.85,0.81,0.8,0.6,0.95,0.9,0.28256040000000004
19-port,19,1023.0,0.85,0.81,0.8,0.6,0.95,0.9,0.28256040000000004
19-port,19,1024.0,0.85,0.81,0.8,0.6,0.95,0.9,0.28256040000000004
19-port,19,1025.0,0.85,0.81,0.8,0.6,0.95,0.9,0.28256040000000004
19-port,19,1026.0,0.85,0.81,0.8,0.6,0.95,0.9,0.28256040000000004
19-port,19,1027.0,0.85,0.81,0.8,0.6,0.95,0.9,0.28256040000000004
19-port,19,1028.0,0.85,0.81,0.8,0.6,0.95,0.9,0.28256040000000004
19-port,19,1029.0,0.85,0.81,0.8,0.6,0.95,0.9,0.28256040000000004
19-port,19,1030.0,0.85,0.81,0.8,0.6,0.95,0.9,0.28256040000000004
19-port,19,1031.0,0.85,0.81,0.8,0.6,0.95,0.9,0.28256040000000004
19-port,19,1032.0,0.85,0.81,0.8,0.6,0.95,0.9,0.28256040000000004
19-port,19,1033.0,0.85,0.81,0.8,0.6,0.95,0.9,0.28256040000000004
19-port,19,1034.0,0.85,0.81,0.8,0.6,0.95,0.9,0.28256040000000004
19-port,19,1035.0,0.85,0.81,0.8,0.6,0.95,0.9,0.28256040000000004
19-port,19,1036.0,0.85,0.81,0.8,0.6,0.95,0.9,0.28256040000000004
19-port,19,1037.0,0.85,0.81,0.8,0.6,0.95,0.9,0.28256040000000004
19-port,19,1038.0,0.85,0.81,0.8,0.6,0.95,0.9,0.28256040000000004
19-port,19,1039.0,0.85,0.81,0.8,0.6,0.95,0.9,0.28256040000000004
19-port,19,1040.0,0.85,0.81,0.8,0.6,0.95,0.9,0.28256040000000004
19-port,19,1041.0,0.85,0.81,0.8,0.6,0.95,0.9,0.28256040000000004
19-port,19,1042.0,0.85,0.81,0.8,0.6,0.95,0.9,0.28256040000000004
19-port,19,1043.0,0.85,0.81,0.8,0.6,0.95,0.9,0.28256040000000004
19-port,19,1044.0,0.85,0.81,0.8,0.6,0.95,0.9,0.28256040000000004
19-port,19,1045.0,0.85,0.81,0.8,0.6,0.95,0.9,0.28256040000000004
19-port,19,1046.0,0.85,0.81,0.8,0.6,0.95,0.9,0.28256040000000004
19-port,19,1047.0,0.85,0.81,0.8,0.6,0.95,0.9,0.28256040000000004
19-port,19,1048.0,0.85,0.81,0.8,0.6,0.95,0.9,0.28256040000000004
19-port,19,1049.0,0.85,0.81,0.8,0.6,0.95,0.9,0.28256040000000004
19-port,19,1050.0,0.85,0.81,0.8,0.6,0.95,0.9,0.28256040000000004
19-port,19,1051.0,0.85,0.81,0.8,0.6,0.95,0.9,0.28256040000000004
19-port,19,1052.0,0.85,0.81,0.8,0.6,0.95,0.9,0.28256040000000004
19-port,19,1053.0,0.85,0.81,0.8,0.6,0.95,0.9,0.28256040000000004
19-port,19,1054.0,0.85,0.81,0.8,0.6,0.95,0.9,0.28256040000000004
19-port,19,1055.0,0.85,0.81,0.8,0.6,0.95,0.9,0.28256040000000004
19-port,19,1056.0,0.85,0.81,0.8,0.6,0.95,0.9,0.28256040000000004
19-port,19,1057.0,0.85,0.81,0.8,0.6,0.95,0.9,0.28256040000000004
19-port,19,1058.0,0.85,0.81,0.8,0.6,0.95,0.9,0.28256040000000004
19-port,19,1059.0,0.85,0.81,0.8,0.6,0.95,0.9,0.28256040000000004
19-port,19,1060.0,0.85,0.81,0.8,0.6,0.95,0.9,0.28256040000000004
19-port,19,1061.0,0.85,0.81,0.8,0.6,0.95,0.9,0.28256040000000004
19-port,19,1062.0,0.85,0.81,0.8,0.6,0.95,0.9,0.28256040000000004
19-port,19,1063.0,0.85,0.81,0.8,0.6,0.95,0.9,0.28256040000000004
19-port,19,1064.0,0.85,0.81,0.8,0.6,0.95,0.9,0.28256040000000004
19-port,19,1065.0,0.85,0.81,0.8,0.6,0.95,0.9,0.28256040000000004
19-port,19,1066.0,0.85,0.81,0.8,0.6,0.95,0.9,0.28256040000000004
19-port,19,1067.0,0.85,0.81,0.8,0.6,0.95,0.9,0.28256040000000004
19-port,19,1068.0,0.85,0.81,0.8,0.6,0.95,0.9,0.28256040000000004
19-port,19,1069.0,0.85,0.81,0.8,0.6,0.95,0.9,0.28256040000000004
19-port,19,1070.0,0.85,0.81,0.8,0.6,0.95,0.9,0.28256040000000004
19-port,19,1071.0,0.85,0.81,0.8,0.6,0.95,0.9,0.28256040000000004
19-port,19,1072.0,0.85,0.81,0.8,0.6,0.95,0.9,0.28256040000000004
19-port,19,1073.0,0.85,0.81,0.8,0.6,0.95,0.9,0.28256040000000004
19-port,19,1074.0,0.85,0.81,0.8,0.6,0.95,0.9,0.28256040000000004
19-port,19,1075.0,0.85,0.81,0.8,0.6,0.95,0.9,0.28256040000000004
19-port,19,1076.0,0.85,0.81,0.8,0.6,0.95,0.9,0.28256040000000004
19-port,19,1077.0,0.85,0.81,0.8,0.6,0.95,0.9,0.28256040000000004
19-port,19,1078.0,0.85,0.81,0.8,0.6,0.95,0.9,0.28256040000000004
19-port,19,1079.0,0.85,0.81,0.8,0.6,0.95,0.9,0.28256040000000004
19-port,19,1080.0,0.85,0.81,0.8,0.6,0.95,0.9,0.28256040000000004
19-port,19,1081.0,0.85,0.81,0.8,0.6,0.95,0.9,0.28256040000000004
19-port,19,1082.0,0.85,0.81,0.8,0.6,0.95,0.9,0.28256040000000004
19-port,19,1083.0,0.85,0.81,0.8,0.6,0.95,0.9,0.28256040000000004
19-port,19,1084.0,0.85,0.81,0.8,0.6,0.95,0.9,0.28256040000000004
19-port,19,1085.0,0.85,0.81,0.8,0.6,0.95,0.9,0.28256040000000004
19-port,19,1086.0,0.85,0.81,0.8,0.6,0.95,0.9,0.28256040000000004
19-port,19,1087.0,0.85,0.81,0.8,0.6,0.95,0.9,0.28256040000000004
19-port,19,1088.0,0.85,0.81,0.8,0.6,0.95,0.9,0.28256040000000004
19-port,19,1089.0,0.85,0.81,0.8,0.6,0.95,0.9,0.28256040000000004
19-port,19,1090.0,0.85,0.81,0.8,0.6,0.95,0.9,0.28256040000000004
19-port,19,1091.0,0.85,0.81,0.8,0.6,0.95,0.9,0.28256040000000004
19-port,19,1092.0,0.85,0.81,0.8,0.6,0.95,0.9,0.28256040000000004
19-port,19,1093.0,0.85,0.81,0.8,0.6,0.95,0.9,0.28256040000000004
19-port,19,1094.0,0.85,0.81,0.8,0.6,0.95,0.9,0.28256040000000004
19-port,19,1095.0,0.85,0.81,0.8,0.6,0.95,0.9,0.28256040000000004
19-port,19,1096.0,0.85,0.81,0.8,0.6,0.95,0.9,0.28256040000000004
19-port,19,1097.0,0.85,0.81,0.8,0.6,0.95,0.9,0.28256040000000004
19-port,19,1098.0,0.85,0.81,0.8,0.6,0.95,0.9,0.28256040000000004
19-port,19,1099.0,0.85,0.81,0.8,0.6,0.95,0.9,0.28256040000000004
19-port,19,1100.0,0.85,0.81,0.8,0.6,0.95,0.9,0.28256040000000004
