scenario,n_port,lam_nm,mm_mode_count,eta_match,eta_ad,eta_internal
3-port,3,800.0,4.23046875,0.6,0.8187307530779818,0.4666765292544496
3-port,3,801.0,4.219912375448293,0.6,0.8187307530779818,0.4666765292544496
3-port,3,802.0,4.209395463958558,0.6,0.8187307530779818,0.4666765292544496
3-port,3,803.0,4.198917819075106,0.6,0.8187307530779818,0.4666765292544496
3-port,3,804.0,4.188479245563228,0.6,0.8187307530779818,0.4666765292544496
3-port,3,805.0,4.178079549400101,0.6,0.8187307530779818,0.4666765292544496
3-port,3,806.0,4.167718537765763,0.6,0.8187307530779818,0.4666765292544496
3-port,3,807.0,4.157396019034195,0.6,0.8187307530779818,0.4666765292544496
3-port,3,808.0,4.147111802764435,0.6,0.8187307530779818,0.4666765292544496
3-port,3,809.0,4.136865699691816,0.6,0.8187307530779818,0.4666765292544496
3-port,3,810.0,4.126657521719251,0.6,0.8187307530779818,0.4666765292544496
3-port,3,811.0,4.11648708190859,0.6,0.8187307530779818,0.4666765292544496
3-port,3,812.0,4.1063541944720825,0.6,0.8187307530779818,0.4666765292544496
3-port,3,813.0,4.0962586747638685,0.6,0.8187307530779818,0.4666765292544496
3-port,3,814.0,4.086200339271592,0.6,0.8187307530779818,0.4666765292544496
3-port,3,815.0,4.076179005608039,0.6,0.8187307530779818,0.4666765292544496
3-port,3,816.0,4.066194492502884,0.6,0.8187307530779818,0.4666765292544496
3-port,3,817.0,4.056246619794484,0.6,0.8187307530779818,0.4666765292544496
3-port,3,818.0,4.046335208421757,0.6,0.8187307530779818,0.4666765292544496
3-port,3,819.0,4.036460080416125,0.6,0.8187307530779818,0.4666765292544496
3-port,3,820.0,4.026621058893515,0.6,0.8187307530779818,0.4666765292544496
3-port,3,821.0,4.016817968046453,0.6,0.8187307530779818,0.4666765292544496
3-port,3,822.0,4.0070506331362,0.6,0.8187307530779818,0.4666765292544496
3-port,3,823.0,3.997318880484964,0.75,0.9048374180359596,0.6446966603506211
3-port,3,824.0,3.9876225374681873,0.75,0.9048374180359596,0.6446966603506211
3-port,3,825.0,3.9779614325068877,0.75,0.9048374180359596,0.6446966603506211
3-port,3,826.0,3.9683353950600635,0.75,0.9048374180359596,0.6446966603506211
3-port,3,827.0,3.9587442556171757,0.75,0.9048374180359596,0.6446966603506211
3-port,3,828.0,3.9491878456906813,0.75,0.9048374180359596,0.6446966603506211
3-port,3,829.0,3.9396659978086284,0.75,0.9048374180359596,0.6446966603506211
3-port,3,830.0,3.9301785455073306,0.75,0.9048374180359596,0.6446966603506211
3-port,3,831.0,3.9207253233240795,0.75,0.9048374180359596,0.6446966603506211
3-port,3,832.0,3.9113061667899407,0.75,0.9048374180359596,0.6446966603506211
3-port,3,833.0,3.901920912422593,0.75,0.9048374180359596,0.6446966603506211
3-port,3,834.0,3.892569397719235,0.75,0.9048374180359596,0.6446966603506211
3-port,3,835.0,3.8832514611495577,0.75,0.9048374180359596,0.6446966603506211
3-port,3,836.0,3.873966942148761,0.75,0.9048374180359596,0.6446966603506211
3-port,3,837.0,3.8647156811106393,0.75,0.9048374180359596,0.6446966603506211
3-port,3,838.0,3.8554975193807293,0.75,0.9048374180359596,0.6446966603506211
3-port,3,839.0,3.8463122992494894,0.75,0.9048374180359596,0.6446966603506211
3-port,3,840.0,3.8371598639455784,0.75,0.9048374180359596,0.6446966603506211
3-port,3,841.0,3.8280400576291456,0.75,0.9048374180359596,0.6446966603506211
3-port,3,842.0,3.8189527253852096,0.75,0.9048374180359596,0.6446966603506211
3-port,3,843.0,3.8098977132170733,0.75,0.9048374180359596,0.6446966603506211
3-port,3,844.0,3.8008748680398012,0.75,0.9048374180359596,0.6446966603506211
3-port,3,845.0,3.791884037673751,0.75,0.9048374180359596,0.6446966603506211
3-port,3,846.0,3.782925070838153,0.75,0.9048374180359596,0.6446966603506211
3-port,3,847.0,3.7739978171447532,0.75,0.9048374180359596,0.6446966603506211
3-port,3,848.0,3.7651021270914913,0.75,0.9048374180359596,0.6446966603506211
3-port,3,849.0,3.756237852056254,0.75,0.9048374180359596,0.6446966603506211
3-port,3,850.0,3.7474048442906573,0.75,0.9048374180359596,0.6446966603506211
3-port,3,851.0,3.738602956913896,0.75,0.9048374180359596,0.6446966603506211
3-port,3,852.0,3.729832043906632,0.75,0.9048374180359596,0.6446966603506211
3-port,3,853.0,3.7210919601049475,0.75,0.9048374180359596,0.6446966603506211
3-port,3,854.0,3.7123825611943237,0.75,0.9048374180359596,0.6446966603506211
3-port,3,855.0,3.703703703703704,0.75,0.9048374180359596,0.6446966603506211
3-port,3,856.0,3.6950552449995637,0.75,0.9048374180359596,0.6446966603506211
3-port,3,857.0,3.6864370432800646,0.75,0.9048374180359596,0.6446966603506211
3-port,3,858.0,3.6778489575692364,0.75,0.9048374180359596,0.6446966603506211
3-port,3,859.0,3.669290847711215,0.75,0.9048374180359596,0.6446966603506211
3-port,3,860.0,3.6607625743645213,0.75,0.9048374180359596,0.6446966603506211
3-port,3,861.0,3.6522639989963865,0.75,0.9048374180359596,0.6446966603506211
3-port,3,862.0,3.643794983877132,0.75,0.9048374180359596,0.6446966603506211
3-port,3,863.0,3.6353553920745894,0.75,0.9048374180359596,0.6446966603506211
3-port,3,864.0,3.6269450874485596,0.75,0.9048374180359596,0.6446966603506211
3-port,3,865.0,3.6185639346453273,0.75,0.9048374180359596,0.6446966603506211
3-port,3,866.0,3.6102117990922133,0.75,0.9048374180359596,0.6446966603506211
3-port,3,867.0,3.6018885469921735,0.75,0.9048374180359596,0.6446966603506211
3-port,3,868.0,3.593594045318439,0.75,0.9048374180359596,0.6446966603506211
3-port,3,869.0,3.585328161809204,0.75,0.9048374180359596,0.6446966603506211
3-port,3,870.0,3.577090764962347,0.75,0.9048374180359596,0.6446966603506211
3-port,3,871.0,3.5688817240302058,0.75,0.9048374180359596,0.6446966603506211
3-port,3,872.0,3.5607009090143924,0.75,0.9048374180359596,0.6446966603506211
3-port,3,873.0,3.5525481906606355,0.75,0.9048374180359596,0.6446966603506211
3-port,3,874.0,3.544423440453686,0.75,0.9048374180359596,0.6446966603506211
3-port,3,875.0,3.5363265306122447,0.75,0.9048374180359596,0.6446966603506211
3-port,3,876.0,3.5282573340839427,0.75,0.9048374180359596,0.6446966603506211
3-port,3,877.0,3.520215724540357,0.75,0.9048374180359596,0.6446966603506211
3-port,3,878.0,3.5122015763720604,0.75,0.9048374180359596,0.6446966603506211
3-port,3,879.0,3.504214764683727,0.75,0.9048374180359596,0.6446966603506211
3-port,3,880.0,3.4962551652892566,0.75,0.9048374180359596,0.6446966603506211
3-port,3,881.0,3.488322654706948,0.75,0.9048374180359596,0.6446966603506211
3-port,3,882.0,3.480417110154719,0.75,0.9048374180359596,0.6446966603506211
3-port,3,883.0,3.4725384095453435,0.75,0.9048374180359596,0.6446966603506211
3-port,3,884.0,3.4646864314817467,0.75,0.9048374180359596,0.6446966603506211
3-port,3,885.0,3.4568610552523227,0.75,0.9048374180359596,0.6446966603506211
3-port,3,886.0,3.4490621608262977,0.75,0.9048374180359596,0.6446966603506211
3-port,3,887.0,3.4412896288491277,0.75,0.9048374180359596,0.6446966603506211
3-port,3,888.0,3.4335433406379354,0.75,0.9048374180359596,0.6446966603506211
3-port,3,889.0,3.425823178176968,0.75,0.9048374180359596,0.6446966603506211
3-port,3,890.0,3.418129024113117,0.75,0.9048374180359596,0.6446966603506211
3-port,3,891.0,3.4104607617514464,0.75,0.9048374180359596,0.6446966603506211
3-port,3,892.0,3.402818275050776,0.75,0.9048374180359596,0.6446966603506211
3-port,3,893.0,3.395201448619284,0.75,0.9048374180359596,0.6446966603506211
3-port,3,894.0,3.3876101677101635,0.75,0.9048374180359596,0.6446966603506211
3-port,3,895.0,3.380044318217285,0.75,0.9048374180359596,0.6446966603506211
3-port,3,896.0,3.372503786670919,0.75,0.9048374180359596,0.6446966603506211
3-port,3,897.0,3.364988460233481,0.75,0.9048374180359596,0.6446966603506211
3-port,3,898.0,3.357498226695305,0.75,0.9048374180359596,0.6446966603506211
3-port,3,899.0,3.3500329744704596,0.75,0.9048374180359596,0.6446966603506211
3-port,3,900.0,3.3425925925925926,0.75,0.9048374180359596,0.6446966603506211
3-port,3,901.0,3.335176970710802,0.75,0.9048374180359596,0.6446966603506211
3-port,3,902.0,3.32778599908555,0.75,0.9048374180359596,0.6446966603506211
3-port,3,903.0,3.320419568584599,0.75,0.9048374180359596,0.6446966603506211
3-port,3,904.0,3.3130775706789883,0.75,0.9048374180359596,0.6446966603506211
3-port,3,905.0,3.305759897439028,0.75,0.9048374180359596,0.6446966603506211
3-port,3,906.0,3.2984664415303424,0.75,0.9048374180359596,0.6446966603506211
3-port,3,907.0,3.2911970962099275,0.75,0.9048374180359596,0.6446966603506211
3-port,3,908.0,3.2839517553222457,0.75,0.9048374180359596,0.6446966603506211
3-port,3,909.0,3.2767303132953556,0.75,0.9048374180359596,0.6446966603506211
3-port,3,910.0,3.269532665137061,0.75,0.9048374180359596,0.6446966603506211
3-port,3,911.0,3.262358706431094,0.75,0.9048374180359596,0.6446966603506211
3-port,3,912.0,3.255208333333334,0.75,0.9048374180359596,0.6446966603506211
3-port,3,913.0,3.2480814425680418,0.75,0.9048374180359596,0.6446966603506211
3-port,3,914.0,3.2409779314241396,0.75,0.9048374180359596,0.6446966603506211
3-port,3,915.0,3.233897697751501,0.75,0.9048374180359596,0.6446966603506211
3-port,3,916.0,3.2268406399572855,0.75,0.9048374180359596,0.6446966603506211
3-port,3,917.0,3.219806657002291,0.75,0.9048374180359596,0.6446966603506211
3-port,3,918.0,3.21279564839734,0.75,0.9048374180359596,0.6446966603506211
3-port,3,919.0,3.2058075141996856,0.75,0.9048374180359596,0.6446966603506211
3-port,3,920.0,3.1988421550094515,0.75,0.9048374180359596,0.6446966603506211
3-port,3,921.0,3.1918994719661042,0.75,0.9048374180359596,0.6446966603506211
3-port,3,922.0,3.1849793667449333,0.75,0.9048374180359596,0.6446966603506211
3-port,3,923.0,3.178081741553581,0.75,0.9048374180359596,0.6446966603506211
3-port,3,924.0,3.1712064991285778,0.75,0.9048374180359596,0.6446966603506211
3-port,3,925.0,3.164353542731921,0.75,0.9048374180359596,0.6446966603506211
3-port,3,926.0,3.15752277614767,0.75,0.9048374180359596,0.6446966603506211
3-port,3,927.0,3.150714103678567,0.75,0.9048374180359596,0.6446966603506211
3-port,3,928.0,3.1439274301426874,0.75,0.9048374180359596,0.6446966603506211
3-port,3,929.0,3.137162660870109,0.75,0.9048374180359596,0.6446966603506211
3-port,3,930.0,3.1304197016996183,0.75,0.9048374180359596,0.6446966603506211
3-port,3,931.0,3.123698458975427,0.75,0.9048374180359596,0.6446966603506211
3-port,3,932.0,3.1169988395439225,0.75,0.9048374180359596,0.6446966603506211
3-port,3,933.0,3.11032075075044,0.75,0.9048374180359596,0.6446966603506211
3-port,3,934.0,3.1036641004360597,0.75,0.9048374180359596,0.6446966603506211
3-port,3,935.0,3.0970287969344286,0.75,0.9048374180359596,0.6446966603506211
3-port,3,936.0,3.090414749068595,0.75,0.9048374180359596,0.6446966603506211
3-port,3,937.0,3.0838218661478933,0.75,0.9048374180359596,0.6446966603506211
3-port,3,938.0,3.0772500579648217,0.75,0.9048374180359596,0.6446966603506211
3-port,3,939.0,3.0706992347919573,0.75,0.9048374180359596,0.6446966603506211
3-port,3,940.0,3.064169307378905,0.75,0.9048374180359596,0.6446966603506211
3-port,3,941.0,3.0576601869492395,0.75,0.9048374180359596,0.6446966603506211
3-port,3,942.0,3.051171785197506,0.75,0.9048374180359596,0.6446966603506211
3-port,3,943.0,3.0447040142862116,0.75,0.9048374180359596,0.6446966603506211
3-port,3,944.0,3.0382567868428616,0.75,0.9048374180359596,0.6446966603506211
3-port,3,945.0,3.0318300159570004,0.75,0.9048374180359596,0.6446966603506211
3-port,3,946.0,3.025423615177291,0.75,0.9048374180359596,0.6446966603506211
3-port,3,947.0,3.0190374985086006,0.75,0.9048374180359596,0.6446966603506211
3-port,3,948.0,3.0126715804091235,0.75,0.9048374180359596,0.6446966603506211
3-port,3,949.0,3.0063257757875017,0.75,0.9048374180359596,0.6446966603506211
3-port,3,950.0,3.0,1.0,1.0,0.95
3-port,3,951.0,2.9936941688476684,1.0,1.0,0.95
3-port,3,952.0,2.9874081985735472,1.0,1.0,0.95
3-port,3,953.0,2.9811420058598843,1.0,1.0,0.95
3-port,3,954.0,2.9748955078253765,1.0,1.0,0.95
3-port,3,955.0,2.968668622022423,1.0,1.0,0.95
3-port,3,956.0,2.9624612664344108,1.0,1.0,0.95
3-port,3,957.0,2.9562733594730135,1.0,1.0,0.95
3-port,3,958.0,2.9501048199755058,1.0,1.0,0.95
3-port,3,959.0,2.943955567202106,1.0,1.0,0.95
3-port,3,960.0,2.9378255208333335,1.0,1.0,0.95
3-port,3,961.0,2.931714600967385,1.0,1.0,0.95
3-port,3,962.0,2.9256227281175304,1.0,1.0,0.95
3-port,3,963.0,2.9195498232095316,1.0,1.0,0.95
3-port,3,964.0,2.913495807579071,1.0,1.0,0.95
3-port,3,965.0,2.907460602969207,1.0,1.0,0.95
3-port,3,966.0,2.9014441315278474,1.0,1.0,0.95
3-port,3,967.0,2.8954463158052333,1.0,1.0,0.95
3-port,3,968.0,2.8894670787514514,1.0,1.0,0.95
3-port,3,969.0,2.883506343713956,1.0,1.0,0.95
3-port,3,970.0,2.877564034435115,1.0,1.0,0.95
3-port,3,971.0,2.8716400750497697,1.0,1.0,0.95
3-port,3,972.0,2.865734390082813,1.0,1.0,0.95
3-port,3,973.0,2.8598469044467847,1.0,1.0,0.95
3-port,3,974.0,2.853977543439488,1.0,1.0,0.95
3-port,3,975.0,2.8481262327416172,1.0,1.0,0.95
3-port,3,976.0,2.8422928984144047,1.0,1.0,0.95
3-port,3,977.0,2.8364774668972865,1.0,1.0,0.95
3-port,3,978.0,2.8306798650055827,1.0,1.0,0.95
3-port,3,979.0,2.824900019928196,1.0,1.0,0.95
3-port,3,980.0,2.8191378592253225,1.0,1.0,0.95
3-port,3,981.0,2.8133933108261866,1.0,1.0,0.95
3-port,3,982.0,2.807666303026784,1.0,1.0,0.95
3-port,3,983.0,2.8019567644876426,1.0,1.0,0.95
3-port,3,984.0,2.796264624231608,1.0,1.0,0.95
3-port,3,985.0,2.7905898116416292,1.0,1.0,0.95
3-port,3,986.0,2.784932256458574,1.0,1.0,0.95
3-port,3,987.0,2.779291888779052,1.0,1.0,0.95
3-port,3,988.0,2.7736686390532546,1.0,1.0,0.95
3-port,3,989.0,2.768062438082814,1.0,1.0,0.95
3-port,3,990.0,2.7624732170186714,1.0,1.0,0.95
3-port,3,991.0,2.756900907358965,1.0,1.0,0.95
3-port,3,992.0,2.7513454409469302,1.0,1.0,0.95
3-port,3,993.0,2.745806749968815,1.0,1.0,0.95
3-port,3,994.0,2.740284766951812,1.0,1.0,0.95
3-port,3,995.0,2.734779424762001,1.0,1.0,0.95
3-port,3,996.0,2.7292906566023127,1.0,1.0,0.95
3-port,3,997.0,2.723818396010499,1.0,1.0,0.95
3-port,3,998.0,2.7183625768571207,1.0,1.0,0.95
3-port,3,999.0,2.712923133343554,1.0,1.0,0.95
3-port,3,1000.0,2.7075,1.0,1.0,0.95
3-port,3,1001.0,2.7020931116835207,1.0,1.0,0.95
3-port,3,1002.0,2.696702403576081,1.0,1.0,0.95
3-port,3,1003.0,2.691327811182604,1.0,1.0,0.95
3-port,3,1004.0,2.6859692703290428,1.0,1.0,0.95
3-port,3,1005.0,2.6806267171604663,1.0,1.0,0.95
3-port,3,1006.0,2.675300088139157,1.0,1.0,0.95
3-port,3,1007.0,2.6699893200427196,1.0,1.0,0.95
3-port,3,1008.0,2.664694349962207,1.0,1.0,0.95
3-port,3,1009.0,2.659415115300256,1.0,1.0,0.95
3-port,3,1010.0,2.654151553769238,1.0,1.0,0.95
3-port,3,1011.0,2.648903603389422,1.0,1.0,0.95
3-port,3,1012.0,2.64367120248715,1.0,1.0,0.95
3-port,3,1013.0,2.638454289693023,1.0,1.0,0.95
3-port,3,1014.0,2.633252803940105,1.0,1.0,0.95
3-port,3,1015.0,2.628066684462132,1.0,1.0,0.95
3-port,3,1016.0,2.6228958707917416,1.0,1.0,0.95
3-port,3,1017.0,2.617740302758707,1.0,1.0,0.95
3-port,3,1018.0,2.6125999204881873,1.0,1.0,0.95
3-port,3,1019.0,2.60747466439899,1.0,1.0,0.95
3-port,3,1020.0,2.6023644752018456,1.0,1.0,0.95
3-port,3,1021.0,2.5972692938976882,1.0,1.0,0.95
3-port,3,1022.0,2.5921890617759584,1.0,1.0,0.95
3-port,3,1023.0,2.587123720412907,1.0,1.0,0.95
3-port,3,1024.0,2.582073211669922,1.0,1.0,0.95
3-port,3,1025.0,2.5770374776918503,1.0,1.0,0.95
3-port,3,1026.0,2.57201646090535,1.0,1.0,0.95
3-port,3,1027.0,2.567010104017241,1.0,1.0,0.95
3-port,3,1028.0,2.5620183500128695,1.0,1.0,0.95
3-port,3,1029.0,2.557041142154487,1.0,1.0,0.95
3-port,3,1030.0,2.55207842397964,1.0,1.0,0.95
3-port,3,1031.0,2.54713013929956,1.0,1.0,0.95
3-port,3,1032.0,2.542196232197584,1.0,1.0,0.95
3-port,3,1033.0,2.5372766470275674,1.0,1.0,0.95
3-port,3,1034.0,2.5323713284123173,1.0,1.0,0.95
3-port,3,1035.0,2.527480221242036,1.0,1.0,0.95
3-port,3,1036.0,2.522603270672769,1.0,1.0,0.95
3-port,3,1037.0,2.517740422124871,1.0,1.0,0.95
3-port,3,1038.0,2.5128916212814776,1.0,1.0,0.95
3-port,3,1039.0,2.5080568140869888,1.0,1.0,0.95
3-port,3,1040.0,2.503235946745562,1.0,1.0,0.95
3-port,3,1041.0,2.498428965719617,1.0,1.0,0.95
3-port,3,1042.0,2.493635817728346,1.0,1.0,0.95
3-port,3,1043.0,2.488856449746242,1.0,1.0,0.95
3-port,3,1044.0,2.4840908090016294,1.0,1.0,0.95
3-port,3,1045.0,2.4793388429752063,1.0,1.0,0.95
3-port,3,1046.0,2.4746004993986013,1.0,1.0,0.95
3-port,3,1047.0,2.469875726252932,1.0,1.0,0.95
3-port,3,1048.0,2.4651644717673795,1.0,1.0,0.95
3-port,3,1049.0,2.460466684417771,1.0,1.0,0.95
3-port,3,1050.0,2.4557823129251704,1.0,1.0,0.95
3-port,3,1051.0,2.451111306254476,1.0,1.0,0.95
3-port,3,1052.0,2.446453613613035,1.0,1.0,0.95
3-port,3,1053.0,2.4418091844492604,1.0,1.0,0.95
3-port,3,1054.0,2.4371779684512602,1.0,1.0,0.95
3-port,3,1055.0,2.4325599155454727,1.0,1.0,0.95
3-port,3,1056.0,2.4279549758953167,1.0,1.0,0.95
3-port,3,1057.0,2.423363099899843,1.0,1.0,0.95
3-port,3,1058.0,2.4187842381924023,1.0,1.0,0.95
3-port,3,1059.0,2.414218341639314,1.0,1.0,0.95
3-port,3,1060.0,2.409665361338555,1.0,1.0,0.95
3-port,3,1061.0,2.4051252486184413,1.0,1.0,0.95
3-port,3,1062.0,2.4005979550363348,1.0,1.0,0.95
3-port,3,1063.0,2.3960834323773486,1.0,1.0,0.95
3-port,3,1064.0,2.3915816326530615,1.0,1.0,0.95
3-port,3,1065.0,2.3870925081002445,1.0,1.0,0.95
3-port,3,1066.0,2.382616011179595,1.0,1.0,0.95
3-port,3,1067.0,2.3781520945744754,1.0,1.0,0.95
3-port,3,1068.0,2.373700711189664,1.0,1.0,0.95
3-port,3,1069.0,2.3692618141501156,1.0,1.0,0.95
3-port,3,1070.0,2.3648353567997202,1.0,1.0,0.95
3-port,3,1071.0,2.360421292700086,1.0,1.0,0.95
3-port,3,1072.0,2.3560195756293156,1.0,1.0,0.95
3-port,3,1073.0,2.351630159580798,1.0,1.0,0.95
3-port,3,1074.0,2.347252998762003,1.0,1.0,0.95
3-port,3,1075.0,2.3428880475932936,1.0,1.0,0.95
3-port,3,1076.0,2.3385352607067342,1.0,1.0,0.95
3-port,3,1077.0,2.334194592944913,1.0,1.0,0.95
3-port,3,1078.0,2.3298659993597712,1.0,1.0,0.95
3-port,3,1079.0,2.325549435211438,1.0,1.0,0.95
3-port,3,1080.0,2.321244855967078,1.0,1.0,0.95
3-port,3,1081.0,2.3169522172997383,1.0,1.0,0.95
3-port,3,1082.0,2.312671475087211,1.0,1.0,0.95
3-port,3,1083.0,2.3084025854108954,1.0,1.0,0.95
3-port,3,1084.0,2.304145504554677,1.0,1.0,0.95
3-port,3,1085.0,2.299900189003801,1.0,1.0,0.95
3-port,3,1086.0,2.2956665954437696,1.0,1.0,0.95
3-port,3,1087.0,2.291444680759228,1.0,1.0,0.95
3-port,3,1088.0,2.287234402032872,1.0,1.0,0.95
3-port,3,1089.0,2.2830357165443567,1.0,1.0,0.95
3-port,3,1090.0,2.2788485817692115,1.0,1.0,0.95
3-port,3,1091.0,2.274672955377764,1.0,1.0,0.95
3-port,3,1092.0,2.27050879523407,1.0,1.0,0.95
3-port,3,1093.0,2.2663560593948517,1.0,1.0,0.95
3-port,3,1094.0,2.262214706108439,1.0,1.0,0.95
3-port,3,1095.0,2.258084693813723,1.0,1.0,0.95
3-port,3,1096.0,2.253965981139112,1.0,1.0,0.95
3-port,3,1097.0,2.2498585269014937,1.0,1.0,0.95
3-port,3,1098.0,2.245762290105209,1.0,1.0,0.95
3-port,3,1099.0,2.2416772299410255,1.0,1.0,0.95
3-port,3,1100.0,2.237603305785124,1.0,1.0,0.95
7-port,7,800.0,9.87109375,0.7,0.879350749407306,0.5847682483558584
7-port,7,801.0,9.84646220937935,0.7,0.879350749407306,0.5847682483558584
7-port,7,802.0,9.821922749236634,0.7,0.879350749407306,0.5847682483558584
7-port,7,803.0,9.797474911175248,0.7,0.879350749407306,0.5847682483558584
7-port,7,804.0,9.773118239647532,0.7,0.879350749407306,0.5847682483558584
7-port,7,805.0,9.748852281933567,0.7,0.879350749407306,0.5847682483558584
7-port,7,806.0,9.724676588120115,0.7,0.879350749407306,0.5847682483558584
7-port,7,807.0,9.700590711079787,0.7,0.879350749407306,0.5847682483558584
7-port,7,808.0,9.676594206450348,0.7,0.879350749407306,0.5847682483558584
7-port,7,809.0,9.652686632614238,0.7,0.879350749407306,0.5847682483558584
7-port,7,810.0,9.628867550678253,0.7,0.879350749407306,0.5847682483558584
7-port,7,811.0,9.605136524453378,0.7,0.879350749407306,0.5847682483558584
7-port,7,812.0,9.581493120434859,0.7,0.879350749407306,0.5847682483558584
7-port,7,813.0,9.557936907782361,0.7,0.879350749407306,0.5847682483558584
7-port,7,814.0,9.534467458300382,0.7,0.879350749407306,0.5847682483558584
7-port,7,815.0,9.511084346418759,0.7,0.879350749407306,0.5847682483558584
7-port,7,816.0,9.487787149173396,0.7,0.879350749407306,0.5847682483558584
7-port,7,817.0,9.464575446187128,0.7,0.879350749407306,0.5847682483558584
7-port,7,818.0,9.441448819650768,0.7,0.879350749407306,0.5847682483558584
7-port,7,819.0,9.418406854304292,0.7,0.879350749407306,0.5847682483558584
7-port,7,820.0,9.395449137418202,0.7,0.879350749407306,0.5847682483558584
7-port,7,821.0,9.372575258775058,0.7,0.879350749407306,0.5847682483558584
7-port,7,822.0,9.349784810651133,0.7,0.879350749407306,0.5847682483558584
7-port,7,823.0,9.32707738779825,0.7,0.879350749407306,0.5847682483558584
7-port,7,824.0,9.304452587425772,0.7,0.879350749407306,0.5847682483558584
7-port,7,825.0,9.281910009182738,0.7,0.879350749407306,0.5847682483558584
7-port,7,826.0,9.259449255140147,0.7,0.879350749407306,0.5847682483558584
7-port,7,827.0,9.23706992977341,0.7,0.879350749407306,0.5847682483558584
7-port,7,828.0,9.214771639944923,0.7,0.879350749407306,0.5847682483558584
7-port,7,829.0,9.1925539948868,0.7,0.879350749407306,0.5847682483558584
7-port,7,830.0,9.170416606183771,0.7,0.879350749407306,0.5847682483558584
7-port,7,831.0,9.148359087756186,0.7,0.879350749407306,0.5847682483558584
7-port,7,832.0,9.126381055843195,0.7,0.879350749407306,0.5847682483558584
7-port,7,833.0,9.10448212898605,0.7,0.879350749407306,0.5847682483558584
7-port,7,834.0,9.082661928011548,0.7,0.879350749407306,0.5847682483558584
7-port,7,835.0,9.060920076015634,0.7,0.879350749407306,0.5847682483558584
7-port,7,836.0,9.03925619834711,0.7,0.879350749407306,0.5847682483558584
7-port,7,837.0,9.017669922591491,0.7,0.879350749407306,0.5847682483558584
7-port,7,838.0,8.996160878555035,0.7777777777777778,0.9178564384568926,0.6781939239709261
7-port,7,839.0,8.974728698248809,0.7777777777777778,0.9178564384568926,0.6781939239709261
7-port,7,840.0,8.953373015873016,0.7777777777777778,0.9178564384568926,0.6781939239709261
7-port,7,841.0,8.93209346780134,0.7777777777777778,0.9178564384568926,0.6781939239709261
7-port,7,842.0,8.910889692565489,0.7777777777777778,0.9178564384568926,0.6781939239709261
7-port,7,843.0,8.889761330839837,0.7777777777777778,0.9178564384568926,0.6781939239709261
7-port,7,844.0,8.868708025426203,0.7777777777777778,0.9178564384568926,0.6781939239709261
7-port,7,845.0,8.847729421238752,0.7777777777777778,0.9178564384568926,0.6781939239709261
7-port,7,846.0,8.826825165289025,0.7777777777777778,0.9178564384568926,0.6781939239709261
7-port,7,847.0,8.805994906671092,0.7777777777777778,0.9178564384568926,0.6781939239709261
7-port,7,848.0,8.785238296546813,0.7777777777777778,0.9178564384568926,0.6781939239709261
7-port,7,849.0,8.764554988131259,0.7777777777777778,0.9178564384568926,0.6781939239709261
7-port,7,850.0,8.7439446366782,0.7777777777777778,0.9178564384568926,0.6781939239709261
7-port,7,851.0,8.723406899465756,0.7777777777777778,0.9178564384568926,0.6781939239709261
7-port,7,852.0,8.702941435782142,0.7777777777777778,0.9178564384568926,0.6781939239709261
7-port,7,853.0,8.682547906911545,0.7777777777777778,0.9178564384568926,0.6781939239709261
7-port,7,854.0,8.662225976120089,0.7777777777777778,0.9178564384568926,0.6781939239709261
7-port,7,855.0,8.641975308641976,0.7777777777777778,0.9178564384568926,0.6781939239709261
7-port,7,856.0,8.621795571665649,0.7777777777777778,0.9178564384568926,0.6781939239709261
7-port,7,857.0,8.60168643432015,0.7777777777777778,0.9178564384568926,0.6781939239709261
7-port,7,858.0,8.581647567661552,0.7777777777777778,0.9178564384568926,0.6781939239709261
7-port,7,859.0,8.561678644659503,0.7777777777777778,0.9178564384568926,0.6781939239709261
7-port,7,860.0,8.541779340183883,0.7777777777777778,0.9178564384568926,0.6781939239709261
7-port,7,861.0,8.521949330991568,0.7777777777777778,0.9178564384568926,0.6781939239709261
7-port,7,862.0,8.502188295713308,0.7777777777777778,0.9178564384568926,0.6781939239709261
7-port,7,863.0,8.482495914840708,0.7777777777777778,0.9178564384568926,0.6781939239709261
7-port,7,864.0,8.462871870713306,0.7777777777777778,0.9178564384568926,0.6781939239709261
7-port,7,865.0,8.443315847505763,0.7777777777777778,0.9178564384568926,0.6781939239709261
7-port,7,866.0,8.423827531215164,0.7777777777777778,0.9178564384568926,0.6781939239709261
7-port,7,867.0,8.404406609648404,0.7777777777777778,0.9178564384568926,0.6781939239709261
7-port,7,868.0,8.385052772409692,0.7777777777777778,0.9178564384568926,0.6781939239709261
7-port,7,869.0,8.365765710888143,0.7777777777777778,0.9178564384568926,0.6781939239709261
7-port,7,870.0,8.346545118245476,0.7777777777777778,0.9178564384568926,0.6781939239709261
7-port,7,871.0,8.327390689403813,0.7777777777777778,0.9178564384568926,0.6781939239709261
7-port,7,872.0,8.308302121033583,0.7777777777777778,0.9178564384568926,0.6781939239709261
7-port,7,873.0,8.289279111541484,0.7777777777777778,0.9178564384568926,0.6781939239709261
7-port,7,874.0,8.2703213610586,0.7777777777777778,0.9178564384568926,0.6781939239709261
7-port,7,875.0,8.251428571428571,0.7777777777777778,0.9178564384568926,0.6781939239709261
7-port,7,876.0,8.232600446195868,0.7777777777777778,0.9178564384568926,0.6781939239709261
7-port,7,877.0,8.213836690594167,0.7777777777777778,0.9178564384568926,0.6781939239709261
7-port,7,878.0,8.195137011534808,0.7777777777777778,0.9178564384568926,0.6781939239709261
7-port,7,879.0,8.176501117595365,0.7777777777777778,0.9178564384568926,0.6781939239709261
7-port,7,880.0,8.157928719008265,0.7777777777777778,0.9178564384568926,0.6781939239709261
7-port,7,881.0,8.139419527649546,0.7777777777777778,0.9178564384568926,0.6781939239709261
7-port,7,882.0,8.120973257027678,0.7777777777777778,0.9178564384568926,0.6781939239709261
7-port,7,883.0,8.102589622272468,0.7777777777777778,0.9178564384568926,0.6781939239709261
7-port,7,884.0,8.084268340124074,0.7777777777777778,0.9178564384568926,0.6781939239709261
7-port,7,885.0,8.066009128922087,0.7777777777777778,0.9178564384568926,0.6781939239709261
7-port,7,886.0,8.047811708594693,0.7777777777777778,0.9178564384568926,0.6781939239709261
7-port,7,887.0,8.029675800647965,0.7777777777777778,0.9178564384568926,0.6781939239709261
7-port,7,888.0,8.011601128155183,0.7777777777777778,0.9178564384568926,0.6781939239709261
7-port,7,889.0,7.9935874157462585,0.875,0.9580482443263975,0.7963776030963178
7-port,7,890.0,7.975634389597273,0.875,0.9580482443263975,0.7963776030963178
7-port,7,891.0,7.957741777420042,0.875,0.9580482443263975,0.7963776030963178
7-port,7,892.0,7.93990930845181,0.875,0.9580482443263975,0.7963776030963178
7-port,7,893.0,7.9221367134449965,0.875,0.9580482443263975,0.7963776030963178
7-port,7,894.0,7.904423724657049,0.875,0.9580482443263975,0.7963776030963178
7-port,7,895.0,7.886770075840332,0.875,0.9580482443263975,0.7963776030963178
7-port,7,896.0,7.869175502232144,0.875,0.9580482443263975,0.7963776030963178
7-port,7,897.0,7.851639740544789,0.875,0.9580482443263975,0.7963776030963178
7-port,7,898.0,7.834162528955711,0.875,0.9580482443263975,0.7963776030963178
7-port,7,899.0,7.816743607097739,0.875,0.9580482443263975,0.7963776030963178
7-port,7,900.0,7.799382716049383,0.875,0.9580482443263975,0.7963776030963178
7-port,7,901.0,7.782079598325205,0.875,0.9580482443263975,0.7963776030963178
7-port,7,902.0,7.764833997866283,0.875,0.9580482443263975,0.7963776030963178
7-port,7,903.0,7.747645660030732,0.875,0.9580482443263975,0.7963776030963178
7-port,7,904.0,7.730514331584306,0.875,0.9580482443263975,0.7963776030963178
7-port,7,905.0,7.713439760691066,0.875,0.9580482443263975,0.7963776030963178
7-port,7,906.0,7.696421696904133,0.875,0.9580482443263975,0.7963776030963178
7-port,7,907.0,7.6794598911564975,0.875,0.9580482443263975,0.7963776030963178
7-port,7,908.0,7.662554095751907,0.875,0.9580482443263975,0.7963776030963178
7-port,7,909.0,7.645704064355829,0.875,0.9580482443263975,0.7963776030963178
7-port,7,910.0,7.628909551986475,0.875,0.9580482443263975,0.7963776030963178
7-port,7,911.0,7.612170315005886,0.875,0.9580482443263975,0.7963776030963178
7-port,7,912.0,7.5954861111111125,0.875,0.9580482443263975,0.7963776030963178
7-port,7,913.0,7.5788566993254305,0.875,0.9580482443263975,0.7963776030963178
7-port,7,914.0,7.562281839989659,0.875,0.9580482443263975,0.7963776030963178
7-port,7,915.0,7.545761294753502,0.875,0.9580482443263975,0.7963776030963178
7-port,7,916.0,7.529294826567,0.875,0.9580482443263975,0.7963776030963178
7-port,7,917.0,7.5128821996720125,0.875,0.9580482443263975,0.7963776030963178
7-port,7,918.0,7.496523179593794,0.875,0.9580482443263975,0.7963776030963178
7-port,7,919.0,7.4802175331326,0.875,0.9580482443263975,0.7963776030963178
7-port,7,920.0,7.463965028355386,0.875,0.9580482443263975,0.7963776030963178
7-port,7,921.0,7.447765434587577,0.875,0.9580482443263975,0.7963776030963178
7-port,7,922.0,7.431618522404844,0.875,0.9580482443263975,0.7963776030963178
7-port,7,923.0,7.415524063625022,0.875,0.9580482443263975,0.7963776030963178
7-port,7,924.0,7.399481831300015,0.875,0.9580482443263975,0.7963776030963178
7-port,7,925.0,7.383491599707815,0.875,0.9580482443263975,0.7963776030963178
7-port,7,926.0,7.367553144344563,0.875,0.9580482443263975,0.7963776030963178
7-port,7,927.0,7.351666241916656,0.875,0.9580482443263975,0.7963776030963178
7-port,7,928.0,7.335830670332937,0.875,0.9580482443263975,0.7963776030963178
7-port,7,929.0,7.320046208696921,0.875,0.9580482443263975,0.7963776030963178
7-port,7,930.0,7.304312637299109,0.875,0.9580482443263975,0.7963776030963178
7-port,7,931.0,7.28862973760933,0.875,0.9580482443263975,0.7963776030963178
7-port,7,932.0,7.272997292269153,0.875,0.9580482443263975,0.7963776030963178
7-port,7,933.0,7.257415085084359,0.875,0.9580482443263975,0.7963776030963178
7-port,7,934.0,7.241882901017473,0.875,0.9580482443263975,0.7963776030963178
7-port,7,935.0,7.226400526180333,0.875,0.9580482443263975,0.7963776030963178
7-port,7,936.0,7.210967747826722,0.875,0.9580482443263975,0.7963776030963178
7-port,7,937.0,7.195584354345084,0.875,0.9580482443263975,0.7963776030963178
7-port,7,938.0,7.18025013525125,0.875,0.9580482443263975,0.7963776030963178
7-port,7,939.0,7.164964881181234,0.875,0.9580482443263975,0.7963776030963178
7-port,7,940.0,7.149728383884112,0.875,0.9580482443263975,0.7963776030963178
7-port,7,941.0,7.134540436214892,0.875,0.9580482443263975,0.7963776030963178
7-port,7,942.0,7.119400832127514,0.875,0.9580482443263975,0.7963776030963178
7-port,7,943.0,7.104309366667827,0.875,0.9580482443263975,0.7963776030963178
7-port,7,944.0,7.089265835966677,0.875,0.9580482443263975,0.7963776030963178
7-port,7,945.0,7.074270037233001,0.875,0.9580482443263975,0.7963776030963178
7-port,7,946.0,7.059321768747012,0.875,0.9580482443263975,0.7963776030963178
7-port,7,947.0,7.044420829853402,0.875,0.9580482443263975,0.7963776030963178
7-port,7,948.0,7.029567020954621,0.875,0.9580482443263975,0.7963776030963178
7-port,7,949.0,7.014760143504171,0.875,0.9580482443263975,0.7963776030963178
7-port,7,950.0,7.0,1.0,1.0,0.95
7-port,7,951.0,6.985286393977892,1.0,1.0,0.95
7-port,7,952.0,6.970619130004943,1.0,1.0,0.95
7-port,7,953.0,6.955998013673064,1.0,1.0,0.95
7-port,7,954.0,6.941422851592545,1.0,1.0,0.95
7-port,7,955.0,6.926893451385653,1.0,1.0,0.95
7-port,7,956.0,6.912409621680292,1.0,1.0,0.95
7-port,7,957.0,6.897971172103698,1.0,1.0,0.95
7-port,7,958.0,6.88357791327618,1.0,1.0,0.95
7-port,7,959.0,6.869229656804914,1.0,1.0,0.95
7-port,7,960.0,6.854926215277779,1.0,1.0,0.95
7-port,7,961.0,6.840667402257232,1.0,1.0,0.95
7-port,7,962.0,6.826453032274238,1.0,1.0,0.95
7-port,7,963.0,6.81228292082224,1.0,1.0,0.95
7-port,7,964.0,6.798156884351165,1.0,1.0,0.95
7-port,7,965.0,6.784074740261483,1.0,1.0,0.95
7-port,7,966.0,6.7700363068983105,1.0,1.0,0.95
7-port,7,967.0,6.756041403545544,1.0,1.0,0.95
7-port,7,968.0,6.7420898504200535,1.0,1.0,0.95
7-port,7,969.0,6.728181468665897,1.0,1.0,0.95
7-port,7,970.0,6.714316080348603,1.0,1.0,0.95
7-port,7,971.0,6.700493508449463,1.0,1.0,0.95
7-port,7,972.0,6.686713576859897,1.0,1.0,0.95
7-port,7,973.0,6.672976110375831,1.0,1.0,0.95
7-port,7,974.0,6.659280934692139,1.0,1.0,0.95
7-port,7,975.0,6.645627876397107,1.0,1.0,0.95
7-port,7,976.0,6.632016762966945,1.0,1.0,0.95
7-port,7,977.0,6.618447422760336,1.0,1.0,0.95
7-port,7,978.0,6.6049196850130265,1.0,1.0,0.95
7-port,7,979.0,6.591433379832457,1.0,1.0,0.95
7-port,7,980.0,6.577988338192419,1.0,1.0,0.95
7-port,7,981.0,6.564584391927769,1.0,1.0,0.95
7-port,7,982.0,6.551221373729162,1.0,1.0,0.95
7-port,7,983.0,6.537899117137833,1.0,1.0,0.95
7-port,7,984.0,6.524617456540419,1.0,1.0,0.95
7-port,7,985.0,6.511376227163802,1.0,1.0,0.95
7-port,7,986.0,6.498175265070006,1.0,1.0,0.95
7-port,7,987.0,6.48501440715112,1.0,1.0,0.95
7-port,7,988.0,6.47189349112426,1.0,1.0,0.95
7-port,7,989.0,6.4588123555265655,1.0,1.0,0.95
7-port,7,990.0,6.445770839710233,1.0,1.0,0.95
7-port,7,991.0,6.432768783837585,1.0,1.0,0.95
7-port,7,992.0,6.419806028876171,1.0,1.0,0.95
7-port,7,993.0,6.406882416593901,1.0,1.0,0.95
7-port,7,994.0,6.393997789554227,1.0,1.0,0.95
7-port,7,995.0,6.381151991111336,1.0,1.0,0.95
7-port,7,996.0,6.368344865405396,1.0,1.0,0.95
7-port,7,997.0,6.355576257357831,1.0,1.0,0.95
7-port,7,998.0,6.342846012666615,1.0,1.0,0.95
7-port,7,999.0,6.330153977801626,1.0,1.0,0.95
7-port,7,1000.0,6.3175,1.0,1.0,0.95
7-port,7,1001.0,6.304883927261549,1.0,1.0,0.95
7-port,7,1002.0,6.29230560834419,1.0,1.0,0.95
7-port,7,1003.0,6.279764892759409,1.0,1.0,0.95
7-port,7,1004.0,6.267261630767766,1.0,1.0,0.95
7-port,7,1005.0,6.254795673374422,1.0,1.0,0.95
7-port,7,1006.0,6.242366872324699,1.0,1.0,0.95
7-port,7,1007.0,6.229975080099679,1.0,1.0,0.95
7-port,7,1008.0,6.217620149911816,1.0,1.0,0.95
7-port,7,1009.0,6.205301935700597,1.0,1.0,0.95
7-port,7,1010.0,6.193020292128222,1.0,1.0,0.95
7-port,7,1011.0,6.180775074575319,1.0,1.0,0.95
7-port,7,1012.0,6.168566139136684,1.0,1.0,0.95
7-port,7,1013.0,6.156393342617054,1.0,1.0,0.95
7-port,7,1014.0,6.144256542526911,1.0,1.0,0.95
7-port,7,1015.0,6.132155597078308,1.0,1.0,0.95
7-port,7,1016.0,6.12009036518073,1.0,1.0,0.95
7-port,7,1017.0,6.108060706436983,1.0,1.0,0.95
7-port,7,1018.0,6.096066481139103,1.0,1.0,0.95
7-port,7,1019.0,6.08410755026431,1.0,1.0,0.95
7-port,7,1020.0,6.0721837754709735,1.0,1.0,0.95
7-port,7,1021.0,6.060295019094606,1.0,1.0,0.95
7-port,7,1022.0,6.0484411441439025,1.0,1.0,0.95
7-port,7,1023.0,6.036622014296784,1.0,1.0,0.95
7-port,7,1024.0,6.024837493896484,1.0,1.0,0.95
7-port,7,1025.0,6.01308744794765,1.0,1.0,0.95
7-port,7,1026.0,6.001371742112483,1.0,1.0,0.95
7-port,7,1027.0,5.989690242706895,1.0,1.0,0.95
7-port,7,1028.0,5.9780428166966955,1.0,1.0,0.95
7-port,7,1029.0,5.966429331693804,1.0,1.0,0.95
7-port,7,1030.0,5.9548496559524935,1.0,1.0,0.95
7-port,7,1031.0,5.94330365836564,1.0,1.0,0.95
7-port,7,1032.0,5.931791208461029,1.0,1.0,0.95
7-port,7,1033.0,5.920312176397657,1.0,1.0,0.95
7-port,7,1034.0,5.908866432962074,1.0,1.0,0.95
7-port,7,1035.0,5.897453849564751,1.0,1.0,0.95
7-port,7,1036.0,5.886074298236461,1.0,1.0,0.95
7-port,7,1037.0,5.874727651624698,1.0,1.0,0.95
7-port,7,1038.0,5.863413782990114,1.0,1.0,0.95
7-port,7,1039.0,5.8521325662029735,1.0,1.0,0.95
7-port,7,1040.0,5.840883875739644,1.0,1.0,0.95
7-port,7,1041.0,5.829667586679106,1.0,1.0,0.95
7-port,7,1042.0,5.818483574699474,1.0,1.0,0.95
7-port,7,1043.0,5.807331716074565,1.0,1.0,0.95
7-port,7,1044.0,5.796211887670469,1.0,1.0,0.95
7-port,7,1045.0,5.785123966942148,1.0,1.0,0.95
7-port,7,1046.0,5.77406783193007,1.0,1.0,0.95
7-port,7,1047.0,5.763043361256841,1.0,1.0,0.95
7-port,7,1048.0,5.752050434123885,1.0,1.0,0.95
7-port,7,1049.0,5.741088930308132,1.0,1.0,0.95
7-port,7,1050.0,5.73015873015873,1.0,1.0,0.95
7-port,7,1051.0,5.719259714593777,1.0,1.0,0.95
7-port,7,1052.0,5.7083917650970815,1.0,1.0,0.95
7-port,7,1053.0,5.697554763714941,1.0,1.0,0.95
7-port,7,1054.0,5.686748593052941,1.0,1.0,0.95
7-port,7,1055.0,5.67597313627277,1.0,1.0,0.95
7-port,7,1056.0,5.6652282770890725,1.0,1.0,0.95
7-port,7,1057.0,5.6545138997663,1.0,1.0,0.95
7-port,7,1058.0,5.643829889115605,1.0,1.0,0.95
7-port,7,1059.0,5.633176130491734,1.0,1.0,0.95
7-port,7,1060.0,5.622552509789961,1.0,1.0,0.95
7-port,7,1061.0,5.611958913443029,1.0,1.0,0.95
7-port,7,1062.0,5.601395228418115,1.0,1.0,0.95
7-port,7,1063.0,5.590861342213813,1.0,1.0,0.95
7-port,7,1064.0,5.580357142857143,1.0,1.0,0.95
7-port,7,1065.0,5.569882518900571,1.0,1.0,0.95
7-port,7,1066.0,5.559437359419055,1.0,1.0,0.95
7-port,7,1067.0,5.549021554007109,1.0,1.0,0.95
7-port,7,1068.0,5.538634992775883,1.0,1.0,0.95
7-port,7,1069.0,5.52827756635027,1.0,1.0,0.95
7-port,7,1070.0,5.517949165866014,1.0,1.0,0.95
7-port,7,1071.0,5.507649682966868,1.0,1.0,0.95
7-port,7,1072.0,5.497379009801737,1.0,1.0,0.95
7-port,7,1073.0,5.487137039021862,1.0,1.0,0.95
7-port,7,1074.0,5.476923663778007,1.0,1.0,0.95
7-port,7,1075.0,5.466738777717685,1.0,1.0,0.95
7-port,7,1076.0,5.45658227498238,1.0,1.0,0.95
7-port,7,1077.0,5.446454050204796,1.0,1.0,0.95
7-port,7,1078.0,5.436353998506133,1.0,1.0,0.95
7-port,7,1079.0,5.4262820154933555,1.0,1.0,0.95
7-port,7,1080.0,5.416237997256516,1.0,1.0,0.95
7-port,7,1081.0,5.406221840366056,1.0,1.0,0.95
7-port,7,1082.0,5.396233441870159,1.0,1.0,0.95
7-port,7,1083.0,5.386272699292089,1.0,1.0,0.95
7-port,7,1084.0,5.376339510627579,1.0,1.0,0.95
7-port,7,1085.0,5.366433774342203,1.0,1.0,0.95
7-port,7,1086.0,5.356555389368795,1.0,1.0,0.95
7-port,7,1087.0,5.346704255104865,1.0,1.0,0.95
7-port,7,1088.0,5.336880271410035,1.0,1.0,0.95
7-port,7,1089.0,5.327083338603499,1.0,1.0,0.95
7-port,7,1090.0,5.317313357461493,1.0,1.0,0.95
7-port,7,1091.0,5.307570229214782,1.0,1.0,0.95
7-port,7,1092.0,5.297853855546164,1.0,1.0,0.95
7-port,7,1093.0,5.288164138587987,1.0,1.0,0.95
7-port,7,1094.0,5.278500980919691,1.0,1.0,0.95
7-port,7,1095.0,5.268864285565354,1.0,1.0,0.95
7-port,7,1096.0,5.259253955991262,1.0,1.0,0.95
7-port,7,1097.0,5.2496698961034856,1.0,1.0,0.95
7-port,7,1098.0,5.240112010245487,1.0,1.0,0.95
7-port,7,1099.0,5.230580203195726,1.0,1.0,0.95
7-port,7,1100.0,5.221074380165289,1.0,1.0,0.95
19-port,19,800.0,26.79296875,0.7037037037037037,0.8813364860489663,0.5891897619697719
19-port,19,801.0,26.72611171117252,0.7037037037037037,0.8813364860489663,0.5891897619697719
19-port,19,802.0,26.659504605070865,0.7037037037037037,0.8813364860489663,0.5891897619697719
19-port,19,803.0,26.593146187475675,0.7037037037037037,0.8813364860489663,0.5891897619697719
19-port,19,804.0,26.527035221900444,0.7037037037037037,0.8813364860489663,0.5891897619697719
19-port,19,805.0,26.46117047953397,0.7037037037037037,0.8813364860489663,0.5891897619697719
19-port,19,806.0,26.39555073918317,0.7037037037037037,0.8813364860489663,0.5891897619697719
19-port,19,807.0,26.330174787216567,0.7037037037037037,0.8813364860489663,0.5891897619697719
19-port,19,808.0,26.265041417508087,0.7037037037037037,0.8813364860489663,0.5891897619697719
19-port,19,809.0,26.200149431381504,0.7037037037037037,0.8813364860489663,0.5891897619697719
19-port,19,810.0,26.135497637555257,0.7037037037037037,0.8813364860489663,0.5891897619697719
19-port,19,811.0,26.07108485208774,0.7037037037037037,0.8813364860489663,0.5891897619697719
19-port,19,812.0,26.006909898323187,0.7037037037037037,0.8813364860489663,0.5891897619697719
19-port,19,813.0,25.942971606837837,0.7307692307692307,0.8953627677013573,0.6215883829619038
19-port,19,814.0,25.87926881538675,0.7307692307692307,0.8953627677013573,0.6215883829619038
19-port,19,815.0,25.815800368850915,0.7307692307692307,0.8953627677013573,0.6215883829619038
19-port,19,816.0,25.752565119184933,0.7307692307692307,0.8953627677013573,0.6215883829619038
19-port,19,817.0,25.689561925365062,0.7307692307692307,0.8953627677013573,0.6215883829619038
19-port,19,818.0,25.6267896533378,0.7307692307692307,0.8953627677013573,0.6215883829619038
19-port,19,819.0,25.564247175968795,0.7307692307692307,0.8953627677013573,0.6215883829619038
19-port,19,820.0,25.501933372992262,0.7307692307692307,0.8953627677013573,0.6215883829619038
19-port,19,821.0,25.43984713096087,0.7307692307692307,0.8953627677013573,0.6215883829619038
19-port,19,822.0,25.377987343195933,0.7307692307692307,0.8953627677013573,0.6215883829619038
19-port,19,823.0,25.316352909738107,0.7307692307692307,0.8953627677013573,0.6215883829619038
19-port,19,824.0,25.25494273729852,0.7307692307692307,0.8953627677013573,0.6215883829619038
19-port,19,825.0,25.19375573921029,0.7307692307692307,0.8953627677013573,0.6215883829619038
19-port,19,826.0,25.1327908353804,0.7307692307692307,0.8953627677013573,0.6215883829619038
19-port,19,827.0,25.072046952242115,0.7307692307692307,0.8953627677013573,0.6215883829619038
19-port,19,828.0,25.011523022707646,0.7307692307692307,0.8953627677013573,0.6215883829619038
19-port,19,829.0,24.951217986121314,0.76,0.9096122746259415,0.6567400622799298
19-port,19,830.0,24.891130788213093,0.76,0.9096122746259415,0.6567400622799298
19-port,19,831.0,24.831260381052502,0.76,0.9096122746259415,0.6567400622799298
19-port,19,832.0,24.77160572300296,0.76,0.9096122746259415,0.6567400622799298
19-port,19,833.0,24.71216577867642,0.76,0.9096122746259415,0.6567400622799298
19-port,19,834.0,24.652939518888488,0.76,0.9096122746259415,0.6567400622799298
19-port,19,835.0,24.593925920613867,0.76,0.9096122746259415,0.6567400622799298
19-port,19,836.0,24.535123966942155,0.76,0.9096122746259415,0.6567400622799298
19-port,19,837.0,24.47653264703405,0.76,0.9096122746259415,0.6567400622799298
19-port,19,838.0,24.41815095607795,0.76,0.9096122746259415,0.6567400622799298
19-port,19,839.0,24.359977895246768,0.76,0.9096122746259415,0.6567400622799298
19-port,19,840.0,24.30201247165533,0.76,0.9096122746259415,0.6567400622799298
19-port,19,841.0,24.244253698317923,0.76,0.9096122746259415,0.6567400622799298
19-port,19,842.0,24.186700594106327,0.76,0.9096122746259415,0.6567400622799298
19-port,19,843.0,24.12935218370813,0.76,0.9096122746259415,0.6567400622799298
19-port,19,844.0,24.07220749758541,0.76,0.9096122746259415,0.6567400622799298
19-port,19,845.0,24.015265571933753,0.76,0.9096122746259415,0.6567400622799298
19-port,19,846.0,23.958525448641637,0.7916666666666666,0.9240885594051769,0.6949916040526434
19-port,19,847.0,23.901986175250105,0.7916666666666666,0.9240885594051769,0.6949916040526434
19-port,19,848.0,23.84564680491278,0.7916666666666666,0.9240885594051769,0.6949916040526434
19-port,19,849.0,23.789506396356277,0.7916666666666666,0.9240885594051769,0.6949916040526434
19-port,19,850.0,23.73356401384083,0.7916666666666666,0.9240885594051769,0.6949916040526434
19-port,19,851.0,23.677818727121338,0.7916666666666666,0.9240885594051769,0.6949916040526434
19-port,19,852.0,23.622269611408672,0.7916666666666666,0.9240885594051769,0.6949916040526434
19-port,19,853.0,23.566915747331333,0.7916666666666666,0.9240885594051769,0.6949916040526434
19-port,19,854.0,23.511756220897386,0.7916666666666666,0.9240885594051769,0.6949916040526434
19-port,19,855.0,23.45679012345679,0.7916666666666666,0.9240885594051769,0.6949916040526434
19-port,19,856.0,23.402016551663905,0.7916666666666666,0.9240885594051769,0.6949916040526434
19-port,19,857.0,23.34743460744041,0.7916666666666666,0.9240885594051769,0.6949916040526434
19-port,19,858.0,23.293043397938497,0.7916666666666666,0.9240885594051769,0.6949916040526434
19-port,19,859.0,23.238842035504366,0.7916666666666666,0.9240885594051769,0.6949916040526434
19-port,19,860.0,23.18482963764197,0.7916666666666666,0.9240885594051769,0.6949916040526434
19-port,19,861.0,23.131005326977114,0.7916666666666666,0.9240885594051769,0.6949916040526434
19-port,19,862.0,23.077368231221836,0.7916666666666666,0.9240885594051769,0.6949916040526434
19-port,19,863.0,23.023917483139066,0.7916666666666666,0.9240885594051769,0.6949916040526434
19-port,19,864.0,22.970652220507546,0.8260869565217391,0.938795231160111,0.7367501705408698
19-port,19,865.0,22.91757158608707,0.8260869565217391,0.938795231160111,0.7367501705408698
19-port,19,866.0,22.864674727584017,0.8260869565217391,0.938795231160111,0.7367501705408698
19-port,19,867.0,22.8119607976171,0.8260869565217391,0.938795231160111,0.7367501705408698
19-port,19,868.0,22.75942895368345,0.8260869565217391,0.938795231160111,0.7367501705408698
19-port,19,869.0,22.70707835812496,0.8260869565217391,0.938795231160111,0.7367501705408698
19-port,19,870.0,22.654908178094864,0.8260869565217391,0.938795231160111,0.7367501705408698
19-port,19,871.0,22.602917585524636,0.8260869565217391,0.938795231160111,0.7367501705408698
19-port,19,872.0,22.551105757091154,0.8260869565217391,0.938795231160111,0.7367501705408698
19-port,19,873.0,22.499471874184028,0.8260869565217391,0.938795231160111,0.7367501705408698
19-port,19,874.0,22.448015122873343,0.8260869565217391,0.938795231160111,0.7367501705408698
19-port,19,875.0,22.396734693877548,0.8260869565217391,0.938795231160111,0.7367501705408698
19-port,19,876.0,22.34562978253164,0.8260869565217391,0.938795231160111,0.7367501705408698
19-port,19,877.0,22.294699588755595,0.8260869565217391,0.938795231160111,0.7367501705408698
19-port,19,878.0,22.24394331702305,0.8260869565217391,0.938795231160111,0.7367501705408698
19-port,19,879.0,22.193360176330273,0.8260869565217391,0.938795231160111,0.7367501705408698
19-port,19,880.0,22.14294938016529,0.8260869565217391,0.938795231160111,0.7367501705408698
19-port,19,881.0,22.092710146477337,0.8260869565217391,0.938795231160111,0.7367501705408698
19-port,19,882.0,22.042641697646555,0.8260869565217391,0.938795231160111,0.7367501705408698
19-port,19,883.0,21.992743260453842,0.8636363636363636,0.9537359564501809,0.7824970006329893
19-port,19,884.0,21.94301406605106,0.8636363636363636,0.9537359564501809,0.7824970006329893
19-port,19,885.0,21.893453349931377,0.8636363636363636,0.9537359564501809,0.7824970006329893
19-port,19,886.0,21.844060351899884,0.8636363636363636,0.9537359564501809,0.7824970006329893
19-port,19,887.0,21.794834316044476,0.8636363636363636,0.9537359564501809,0.7824970006329893
19-port,19,888.0,21.745774490706925,0.8636363636363636,0.9537359564501809,0.7824970006329893
19-port,19,889.0,21.696880128454133,0.8636363636363636,0.9537359564501809,0.7824970006329893
19-port,19,890.0,21.64815048604974,0.8636363636363636,0.9537359564501809,0.7824970006329893
19-port,19,891.0,21.599584824425826,0.8636363636363636,0.9537359564501809,0.7824970006329893
19-port,19,892.0,21.551182408654913,0.8636363636363636,0.9537359564501809,0.7824970006329893
19-port,19,893.0,21.502942507922135,0.8636363636363636,0.9537359564501809,0.7824970006329893
19-port,19,894.0,21.454864395497705,0.8636363636363636,0.9537359564501809,0.7824970006329893
19-port,19,895.0,21.40694734870947,0.8636363636363636,0.9537359564501809,0.7824970006329893
19-port,19,896.0,21.35919064891582,0.8636363636363636,0.9537359564501809,0.7824970006329893
19-port,19,897.0,21.31159358147871,0.8636363636363636,0.9537359564501809,0.7824970006329893
19-port,19,898.0,21.26415543573693,0.8636363636363636,0.9537359564501809,0.7824970006329893
19-port,19,899.0,21.216875504979576,0.8636363636363636,0.9537359564501809,0.7824970006329893
19-port,19,900.0,21.169753086419753,0.8636363636363636,0.9537359564501809,0.7824970006329893
19-port,19,901.0,21.122787481168412,0.8636363636363636,0.9537359564501809,0.7824970006329893
19-port,19,902.0,21.075977994208483,0.8636363636363636,0.9537359564501809,0.7824970006329893
19-port,19,903.0,21.02932393436913,0.8636363636363636,0.9537359564501809,0.7824970006329893
19-port,19,904.0,20.98282461430026,0.9047619047619048,0.9689144601873331,0.832805047922922
19-port,19,905.0,20.93647935044718,0.9047619047619048,0.9689144601873331,0.832805047922922
19-port,19,906.0,20.890287463025505,0.9047619047619048,0.9689144601873331,0.832805047922922
19-port,19,907.0,20.844248275996208,0.9047619047619048,0.9689144601873331,0.832805047922922
19-port,19,908.0,20.79836111704089,0.9047619047619048,0.9689144601873331,0.832805047922922
19-port,19,909.0,20.75262531753725,0.9047619047619048,0.9689144601873331,0.832805047922922
19-port,19,910.0,20.707040212534718,0.9047619047619048,0.9689144601873331,0.832805047922922
19-port,19,911.0,20.661605140730263,0.9047619047619048,0.9689144601873331,0.832805047922922
19-port,19,912.0,20.61631944444445,0.9047619047619048,0.9689144601873331,0.832805047922922
19-port,19,913.0,20.571182469597595,0.9047619047619048,0.9689144601873331,0.832805047922922
19-port,19,914.0,20.526193565686217,0.9047619047619048,0.9689144601873331,0.832805047922922
19-port,19,915.0,20.481352085759507,0.9047619047619048,0.9689144601873331,0.832805047922922
19-port,19,916.0,20.436657386396142,0.9047619047619048,0.9689144601873331,0.832805047922922
19-port,19,917.0,20.392108827681177,0.9047619047619048,0.9689144601873331,0.832805047922922
19-port,19,918.0,20.347705773183154,0.9047619047619048,0.9689144601873331,0.832805047922922
19-port,19,919.0,20.303447589931345,0.9047619047619048,0.9689144601873331,0.832805047922922
19-port,19,920.0,20.25933364839319,0.9047619047619048,0.9689144601873331,0.832805047922922
19-port,19,921.0,20.215363322451992,0.9047619047619048,0.9689144601873331,0.832805047922922
19-port,19,922.0,20.171535989384576,0.9047619047619048,0.9689144601873331,0.832805047922922
19-port,19,923.0,20.127851029839345,0.9047619047619048,0.9689144601873331,0.832805047922922
19-port,19,924.0,20.084307827814325,0.9047619047619048,0.9689144601873331,0.832805047922922
19-port,19,925.0,20.040905770635497,0.9047619047619048,0.9689144601873331,0.832805047922922
19-port,19,926.0,19.99764424893524,0.95,0.9843345265646903,0.888361910224633
19-port,19,927.0,19.954522656630925,0.95,0.9843345265646903,0.888361910224633
19-port,19,928.0,19.91154039090369,0.95,0.9843345265646903,0.888361910224633
19-port,19,929.0,19.868696852177358,0.95,0.9843345265646903,0.888361910224633
19-port,19,930.0,19.825991444097582,0.95,0.9843345265646903,0.888361910224633
19-port,19,931.0,19.783423573511037,0.95,0.9843345265646903,0.888361910224633
19-port,19,932.0,19.74099265044484,0.95,0.9843345265646903,0.888361910224633
19-port,19,933.0,19.698698088086118,0.95,0.9843345265646903,0.888361910224633
19-port,19,934.0,19.65653930276171,0.95,0.9843345265646903,0.888361910224633
19-port,19,935.0,19.614515713918045,0.95,0.9843345265646903,0.888361910224633
19-port,19,936.0,19.572626744101104,0.95,0.9843345265646903,0.888361910224633
19-port,19,937.0,19.530871818936657,0.95,0.9843345265646903,0.888361910224633
19-port,19,938.0,19.489250367110536,0.95,0.9843345265646903,0.888361910224633
19-port,19,939.0,19.44776182034906,0.95,0.9843345265646903,0.888361910224633
19-port,19,940.0,19.40640561339973,0.95,0.9843345265646903,0.888361910224633
19-port,19,941.0,19.36518118401185,0.95,0.9843345265646903,0.888361910224633
19-port,19,942.0,19.32408797291754,0.95,0.9843345265646903,0.888361910224633
19-port,19,943.0,19.283125423812674,0.95,0.9843345265646903,0.888361910224633
19-port,19,944.0,19.242292983338125,0.95,0.9843345265646903,0.888361910224633
19-port,19,945.0,19.201590101061,0.95,0.9843345265646903,0.888361910224633
19-port,19,946.0,19.161016229456177,0.95,0.9843345265646903,0.888361910224633
19-port,19,947.0,19.120570823887807,0.95,0.9843345265646903,0.888361910224633
19-port,19,948.0,19.080253342591114,0.95,0.9843345265646903,0.888361910224633
19-port,19,949.0,19.040063246654178,0.95,0.9843345265646903,0.888361910224633
19-port,19,950.0,19.0,1.0,1.0,0.95
19-port,19,951.0,18.960063069368566,1.0,1.0,0.95
19-port,19,952.0,18.92025192429913,1.0,1.0,0.95
19-port,19,953.0,18.8805660371126,1.0,1.0,0.95
19-port,19,954.0,18.84100488289405,1.0,1.0,0.95
19-port,19,955.0,18.801567939475344,1.0,1.0,0.95
19-port,19,956.0,18.762254687417936,1.0,1.0,0.95
19-port,19,957.0,18.723064609995753,1.0,1.0,0.95
19-port,19,958.0,18.6839971931782,1.0,1.0,0.95
19-port,19,959.0,18.645051925613338,1.0,1.0,0.95
19-port,19,960.0,18.60622829861111,1.0,1.0,0.95
19-port,19,961.0,18.56752580612677,1.0,1.0,0.95
19-port,19,962.0,18.52894394474436,1.0,1.0,0.95
19-port,19,963.0,18.490482213660368,1.0,1.0,0.95
19-port,19,964.0,18.452140114667447,1.0,1.0,0.95
19-port,19,965.0,18.41391715213831,1.0,1.0,0.95
19-port,19,966.0,18.3758128330097,1.0,1.0,0.95
19-port,19,967.0,18.337826666766478,1.0,1.0,0.95
19-port,19,968.0,18.29995816542586,1.0,1.0,0.95
19-port,19,969.0,18.26220684352172,1.0,1.0,0.95
19-port,19,970.0,18.22457221808906,1.0,1.0,0.95
19-port,19,971.0,18.187053808648542,1.0,1.0,0.95
19-port,19,972.0,18.14965113719115,1.0,1.0,0.95
19-port,19,973.0,18.11236372816297,1.0,1.0,0.95
19-port,19,974.0,18.075191108450092,1.0,1.0,0.95
19-port,19,975.0,18.038132807363578,1.0,1.0,0.95
19-port,19,976.0,18.001188356624564,1.0,1.0,0.95
19-port,19,977.0,17.964357290349483,1.0,1.0,0.95
19-port,19,978.0,17.927639145035357,1.0,1.0,0.95
19-port,19,979.0,17.89103345954524,1.0,1.0,0.95
19-port,19,980.0,17.85453977509371,1.0,1.0,0.95
19-port,19,981.0,17.818157635232517,1.0,1.0,0.95
19-port,19,982.0,17.781886585836297,1.0,1.0,0.95
19-port,19,983.0,17.745726175088404,1.0,1.0,0.95
19-port,19,984.0,17.709675953466853,1.0,1.0,0.95
19-port,19,985.0,17.67373547373032,1.0,1.0,0.95
19-port,19,986.0,17.637904290904302,1.0,1.0,0.95
19-port,19,987.0,17.602181962267327,1.0,1.0,0.95
19-port,19,988.0,17.566568047337277,1.0,1.0,0.95
19-port,19,989.0,17.53106210785782,1.0,1.0,0.95
19-port,19,990.0,17.49566370778492,1.0,1.0,0.95
19-port,19,991.0,17.460372413273447,1.0,1.0,0.95
19-port,19,992.0,17.42518779266389,1.0,1.0,0.95
19-port,19,993.0,17.390109416469162,1.0,1.0,0.95
19-port,19,994.0,17.355136857361476,1.0,1.0,0.95
19-port,19,995.0,17.320269690159343,1.0,1.0,0.95
19-port,19,996.0,17.285507491814645,1.0,1.0,0.95
19-port,19,997.0,17.250849841399827,1.0,1.0,0.95
19-port,19,998.0,17.216296320095097,1.0,1.0,0.95
19-port,19,999.0,17.18184651117584,1.0,1.0,0.95
19-port,19,1000.0,17.1475,1.0,1.0,0.95
19-port,19,1001.0,17.113256373995632,1.0,1.0,0.95
19-port,19,1002.0,17.079115222648515,1.0,1.0,0.95
19-port,19,1003.0,17.045076137489826,1.0,1.0,0.95
19-port,19,1004.0,17.011138712083937,1.0,1.0,0.95
19-port,19,1005.0,16.97730254201629,1.0,1.0,0.95
19-port,19,1006.0,16.943567224881328,1.0,1.0,0.95
19-port,19,1007.0,16.90993236027056,1.0,1.0,0.95
19-port,19,1008.0,16.876397549760643,1.0,1.0,0.95
19-port,19,1009.0,16.842962396901623,1.0,1.0,0.95
19-port,19,1010.0,16.809626507205174,1.0,1.0,0.95
19-port,19,1011.0,16.776389488133006,1.0,1.0,0.95
19-port,19,1012.0,16.743250949085287,1.0,1.0,0.95
19-port,19,1013.0,16.71021050138915,1.0,1.0,0.95
19-port,19,1014.0,16.677267758287332,1.0,1.0,0.95
19-port,19,1015.0,16.644422334926837,1.0,1.0,0.95
19-port,19,1016.0,16.611673848347696,1.0,1.0,0.95
19-port,19,1017.0,16.57902191747181,1.0,1.0,0.95
19-port,19,1018.0,16.546466163091853,1.0,1.0,0.95
19-port,19,1019.0,16.51400620786027,1.0,1.0,0.95
19-port,19,1020.0,16.481641676278358,1.0,1.0,0.95
19-port,19,1021.0,16.44937219468536,1.0,1.0,0.95
19-port,19,1022.0,16.417197391247736,1.0,1.0,0.95
19-port,19,1023.0,16.385116895948414,1.0,1.0,0.95
19-port,19,1024.0,16.353130340576172,1.0,1.0,0.95
19-port,19,1025.0,16.321237358715052,1.0,1.0,0.95
19-port,19,1026.0,16.289437585733882,1.0,1.0,0.95
19-port,19,1027.0,16.257730658775856,1.0,1.0,0.95
19-port,19,1028.0,16.226116216748174,1.0,1.0,0.95
19-port,19,1029.0,16.194593900311755,1.0,1.0,0.95
19-port,19,1030.0,16.163163351871052,1.0,1.0,0.95
19-port,19,1031.0,16.13182421556388,1.0,1.0,0.95
19-port,19,1032.0,16.100576137251366,1.0,1.0,0.95
19-port,19,1033.0,16.069418764507926,1.0,1.0,0.95
19-port,19,1034.0,16.038351746611344,1.0,1.0,0.95
19-port,19,1035.0,16.007374734532895,1.0,1.0,0.95
19-port,19,1036.0,15.976487380927537,1.0,1.0,0.95
19-port,19,1037.0,15.945689340124181,1.0,1.0,0.95
19-port,19,1038.0,15.914980268116024,1.0,1.0,0.95
19-port,19,1039.0,15.884359822550927,1.0,1.0,0.95
19-port,19,1040.0,15.853827662721892,1.0,1.0,0.95
19-port,19,1041.0,15.823383449557573,1.0,1.0,0.95
19-port,19,1042.0,15.793026845612859,1.0,1.0,0.95
19-port,19,1043.0,15.762757515059535,1.0,1.0,0.95
19-port,19,1044.0,15.732575123676988,1.0,1.0,0.95
19-port,19,1045.0,15.702479338842974,1.0,1.0,0.95
19-port,19,1046.0,15.672469829524475,1.0,1.0,0.95
19-port,19,1047.0,15.64254626626857,1.0,1.0,0.95
19-port,19,1048.0,15.612708321193402,1.0,1.0,0.95
19-port,19,1049.0,15.582955667979217,1.0,1.0,0.95
19-port,19,1050.0,15.55328798185941,1.0,1.0,0.95
19-port,19,1051.0,15.52370493961168,1.0,1.0,0.95
19-port,19,1052.0,15.49420621954922,1.0,1.0,0.95
19-port,19,1053.0,15.464791501511984,1.0,1.0,0.95
19-port,19,1054.0,15.435460466857982,1.0,1.0,0.95
19-port,19,1055.0,15.406212798454662,1.0,1.0,0.95
19-port,19,1056.0,15.37704818067034,1.0,1.0,0.95
19-port,19,1057.0,15.347966299365673,1.0,1.0,0.95
19-port,19,1058.0,15.318966841885214,1.0,1.0,0.95
19-port,19,1059.0,15.29004949704899,1.0,1.0,0.95
19-port,19,1060.0,15.26121395514418,1.0,1.0,0.95
19-port,19,1061.0,15.232459907916795,1.0,1.0,0.95
19-port,19,1062.0,15.203787048563456,1.0,1.0,0.95
19-port,19,1063.0,15.175195071723207,1.0,1.0,0.95
19-port,19,1064.0,15.146683673469388,1.0,1.0,0.95
19-port,19,1065.0,15.11825255130155,1.0,1.0,0.95
19-port,19,1066.0,15.089901404137436,1.0,1.0,0.95
19-port,19,1067.0,15.06162993230501,1.0,1.0,0.95
19-port,19,1068.0,15.03343783753454,1.0,1.0,0.95
19-port,19,1069.0,15.005324822950733,1.0,1.0,0.95
19-port,19,1070.0,14.977290593064895,1.0,1.0,0.95
19-port,19,1071.0,14.949334853767214,1.0,1.0,0.95
19-port,19,1072.0,14.921457312319001,1.0,1.0,0.95
19-port,19,1073.0,14.893657677345054,1.0,1.0,0.95
19-port,19,1074.0,14.865935658826018,1.0,1.0,0.95
19-port,19,1075.0,14.83829096809086,1.0,1.0,0.95
19-port,19,1076.0,14.810723317809318,1.0,1.0,0.95
19-port,19,1077.0,14.783232421984447,1.0,1.0,0.95
19-port,19,1078.0,14.755817995945218,1.0,1.0,0.95
19-port,19,1079.0,14.728479756339109,1.0,1.0,0.95
19-port,19,1080.0,14.701217421124829,1.0,1.0,0.95
19-port,19,1081.0,14.67403070956501,1.0,1.0,0.95
19-port,19,1082.0,14.646919342219002,1.0,1.0,0.95
19-port,19,1083.0,14.61988304093567,1.0,1.0,0.95
19-port,19,1084.0,14.592921528846286,1.0,1.0,0.95
19-port,19,1085.0,14.566034530357406,1.0,1.0,0.95
19-port,19,1086.0,14.539221771143874,1.0,1.0,0.95
19-port,19,1087.0,14.512482978141776,1.0,1.0,0.95
19-port,19,1088.0,14.485817879541523,1.0,1.0,0.95
19-port,19,1089.0,14.459226204780926,1.0,1.0,0.95
19-port,19,1090.0,14.432707684538338,1.0,1.0,0.95
19-port,19,1091.0,14.406262050725838,1.0,1.0,0.95
19-port,19,1092.0,14.379889036482444,1.0,1.0,0.95
19-port,19,1093.0,14.353588376167394,1.0,1.0,0.95
19-port,19,1094.0,14.327359805353447,1.0,1.0,0.95
19-port,19,1095.0,14.301203060820248,1.0,1.0,0.95
19-port,19,1096.0,14.275117880547711,1.0,1.0,0.95
19-port,19,1097.0,14.249104003709462,1.0,1.0,0.95
19-port,19,1098.0,14.223161170666321,1.0,1.0,0.95
19-port,19,1099.0,14.197289122959827,1.0,1.0,0.95
19-port,19,1100.0,14.171487603305785,1.0,1.0,0.95
